ano,nome,codigo,disciplina,nota,situacao
2007,Nathanael Marcelo,OCRQ3517,Storytelling Visual,5.63,APROVADO
2007,Nathanael Marcelo,RJGL2456,Design Colaborativo,5.0,APROVADO
2007,Nathanael Marcelo,QBWW6998,Computacao Grafica,7.38,APROVADO
2007,Nathanael Marcelo,UFMQ0127,Design para Longevidade,5.5,APROVADO
2007,Nathanael Marcelo,MKUB0718,Design de Mobiliario,8.0,APROVADO POR MÉDIA
2007,Nathanael Marcelo,BKII1063,Design de Visualizacao de Informacoes,2.95,REPROVADO
2007,Nathanael Marcelo,RJYZ5864,Identidade Visual,7.95,APROVADO POR MÉDIA
2008,Nathanael Marcelo,DOMK5241,Design de Aprendizado,,REPROVADO POR FALTA
2008,Nathanael Marcelo,ZULH9584,Projeto Integrado,,REPROVADO POR FALTA
2008,Nathanael Marcelo,WPUV3332,Design de Tecnologia Vestivel (Wearable),8.5,APROVADO POR MÉDIA
2008,Nathanael Marcelo,BKII1063,Design de Visualizacao de Informacoes,6.13,APROVADO
2008,Nathanael Marcelo,AAZN5771,Ergonomia,7.1,APROVADO POR MÉDIA
2008,Nathanael Marcelo,ZULH9584,Projeto Integrado,,REPROVADO POR FALTA
2008,Nathanael Marcelo,JGDZ1333,Gamificacao,8.5,APROVADO POR MÉDIA
2008,Nathanael Marcelo,NRYN3294,Design de Interfaces Neuromorficas,7.4,APROVADO POR MÉDIA
2008,Nathanael Marcelo,NRCI1107,Design de Experiencia em Museus,3.38,REPROVADO
2008,Nathanael Marcelo,BLDG0260,Design de Joias,7.19,APROVADO
2008,Nathanael Marcelo,UXMU2899,Interacao Tangivel,,APROVADO POR FREQÜÊNCIA
2008,Nathanael Marcelo,KAWV5083,Branding,7.5,APROVADO POR MÉDIA
2009,Nathanael Marcelo,NGVU3526,Ecodesign,,REPROVADO POR FALTA
2009,Nathanael Marcelo,COOQ5695,Design de Interacao em Tempo Real,7.5,APROVADO POR MÉDIA
2009,Nathanael Marcelo,UCTK5222,Design de Realidade Aumentada (AR) e Virtual (VR),8.0,APROVADO POR MÉDIA
2009,Nathanael Marcelo,ZULH9584,Projeto Integrado,5.0,APROVADO
2009,Nathanael Marcelo,TSYB3211,Impressao 3D,,REPROVADO POR FALTA
2009,Nathanael Marcelo,NRCI1107,Design de Experiencia em Museus,7.25,APROVADO POR MÉDIA
2009,Nathanael Marcelo,MXMO8868,Cultura Visual,7.75,APROVADO POR MÉDIA
2009,Nathanael Marcelo,RVMF0745,Design Biomimetico,,REPROVADO POR FALTA
2009,Nathanael Marcelo,FZLO1427,Marketing de Produto,9.5,APROVADO POR MÉDIA
2009,Nathanael Marcelo,RRME1020,Design Parametrico,,REPROVADO POR FALTA
2010,Nathanael Marcelo,TPYC6338,Design Thinking,,REPROVADO POR FALTA
2010,Nathanael Marcelo,VOQA5582,Tipografia,,REPROVADO POR FALTA
2010,Nathanael Marcelo,LERH6635,Design de Produto,,REPROVADO POR FALTA
2010,Nathanael Marcelo,DOMK5241,Design de Aprendizado,,REPROVADO POR FALTA
2010,Nathanael Marcelo,XERB6119,Gestao de Marcas,,REPROVADO POR FALTA
2010,Nathanael Marcelo,LERH6635,Design de Produto,,REPROVADO POR FALTA
2011,Nathanael Marcelo,NGVU3526,Ecodesign,,REPROVADO POR FALTA
2011,Nathanael Marcelo,BMDH7993,Design de Apresentacoes,,REPROVADO POR FALTA
2011,Nathanael Marcelo,RVMF0745,Design Biomimetico,,REPROVADO POR FALTA
2011,Nathanael Marcelo,IENT5068,Design Experimental,,REPROVADO POR FALTA
2011,Nathanael Marcelo,TSYB3211,Impressao 3D,,REPROVADO POR FALTA
2011,Nathanael Marcelo,VOQA5582,Tipografia,,REPROVADO POR FALTA
2011,Nathanael Marcelo,XERB6119,Gestao de Marcas,,REPROVADO POR FALTA
2011,Nathanael Marcelo,AOXV5438,Design de Espacos Virtuais,,REPROVADO POR FALTA
ANO,Nathanael Marcelo,CÓDIGO,DISCIPLINA,NOTA FINAL,SITUAÇÃO CONCEITO
2011,Nathanael Marcelo,,DESLIGAMENTO,,
2011,Bruno Miguel,OCRQ3517,Storytelling Visual,7.75,APROVADO POR MÉDIA
2011,Bruno Miguel,RJGL2456,Design Colaborativo,8.9,APROVADO POR MÉDIA
2011,Bruno Miguel,QBWW6998,Computacao Grafica,7.0,APROVADO POR MÉDIA
2011,Bruno Miguel,UFMQ0127,Design para Longevidade,9.5,APROVADO POR MÉDIA
2011,Bruno Miguel,MKUB0718,Design de Mobiliario,,APROVADO POR FREQÜÊNCIA
2011,Bruno Miguel,BKII1063,Design de Visualizacao de Informacoes,10.0,APROVADO POR MÉDIA
2011,Bruno Miguel,RJYZ5864,Identidade Visual,8.75,APROVADO POR MÉDIA
2012,Bruno Miguel,DOMK5241,Design de Aprendizado,9.0,APROVADO POR MÉDIA
2012,Bruno Miguel,ZULH9584,Projeto Integrado,8.9,APROVADO POR MÉDIA
2012,Bruno Miguel,WPUV3332,Design de Tecnologia Vestivel (Wearable),7.0,APROVADO POR MÉDIA
2012,Bruno Miguel,JGDZ1333,Gamificacao,8.0,APROVADO POR MÉDIA
2012,Bruno Miguel,NRYN3294,Design de Interfaces Neuromorficas,9.45,APROVADO POR MÉDIA
2012,Bruno Miguel,NRCI1107,Design de Experiencia em Museus,8.5,APROVADO POR MÉDIA
2012,Bruno Miguel,AAZN5771,Ergonomia,9.0,APROVADO POR MÉDIA
2012,Bruno Miguel,JJNT2088,Manipulacao de Imagem,8.5,APROVADO POR MÉDIA
2012,Bruno Miguel,TSYB3211,Impressao 3D,9.07,APROVADO POR MÉDIA
2012,Bruno Miguel,MXMO8868,Cultura Visual,,CANCELADO COM ONUS
2012,Bruno Miguel,VOQA5582,Tipografia,7.6,APROVADO POR MÉDIA
2012,Bruno Miguel,BLDG0260,Design de Joias,9.3,APROVADO POR MÉDIA
2012,Bruno Miguel,FZLO1427,Marketing de Produto,7.5,APROVADO POR MÉDIA
2012,Bruno Miguel,KAWV5083,Branding,7.0,APROVADO POR MÉDIA
2013,Bruno Miguel,NGVU3526,Ecodesign,8.25,APROVADO POR MÉDIA
2013,Bruno Miguel,COOQ5695,Design de Interacao em Tempo Real,9.15,APROVADO POR MÉDIA
2013,Bruno Miguel,VFBH8799,Design Cibernetico,8.13,APROVADO POR MÉDIA
2013,Bruno Miguel,UCTK5222,Design de Realidade Aumentada (AR) e Virtual (VR),9.0,APROVADO POR MÉDIA
2013,Bruno Miguel,JVFQ7338,Design de Interacao Cultural,7.5,APROVADO POR MÉDIA
2013,Bruno Miguel,QVGO0107,Prototipagem em Papel,9.25,APROVADO POR MÉDIA
2013,Bruno Miguel,LERH6635,Design de Produto,7.25,APROVADO POR MÉDIA
2013,Bruno Miguel,,INTERCAMBIO,,
2014,Bruno Miguel,,INTERCAMBIO,,
2014,Bruno Miguel,,INTERCAMBIO,,
2015,Bruno Miguel,MAEY1044,Design Computacional,8.7,APROVADO POR MÉDIA
2015,Bruno Miguel,HILN2052,Design de Impacto Social,9.0,APROVADO POR MÉDIA
2015,Bruno Miguel,SATJ7970,Design de Narrativa Espacial,,DISPENSADO
2015,Bruno Miguel,TPYC6338,Design Thinking,7.0,APROVADO POR MÉDIA
2015,Bruno Miguel,IENT5068,Design Experimental,9.4,APROVADO POR MÉDIA
2015,Bruno Miguel,DZNQ4989,Design Cenico,,DISPENSADO
2015,Bruno Miguel,KZBU0327,Design de Interacao Corporal,9.0,APROVADO POR MÉDIA
2015,Bruno Miguel,AOXV5438,Design de Espacos Virtuais,8.55,APROVADO POR MÉDIA
2015,Bruno Miguel,RRME1020,Design Parametrico,8.38,APROVADO POR MÉDIA
2015,Bruno Miguel,TRQX5862,Etica em Design,8.25,APROVADO POR MÉDIA
ANO,Bruno Miguel,CÓDIGO,DISCIPLINA,NOTA FINAL,SITUAÇÃO CONCEITO
2015,Bruno Miguel,HQDD9963,Design Sonoro,9.75,APROVADO POR MÉDIA
2015,Bruno Miguel,LLKP8902,Design Digital,8.25,APROVADO POR MÉDIA
2015,Bruno Miguel,MXMO8868,Cultura Visual,8.9,APROVADO POR MÉDIA
2015,Bruno Miguel,XERB6119,Gestao de Marcas,7.3,APROVADO POR MÉDIA
2015,Bruno Miguel,UXMU2899,Interacao Tangivel,10.0,APROVADO POR MÉDIA
2015,Bruno Miguel,VMGY1151,Design de Interacao Tangivel,9.5,APROVADO POR MÉDIA
2016,Bruno Miguel,BMDH7993,Design de Apresentacoes,7.0,APROVADO POR MÉDIA
2016,Bruno Miguel,RVMF0745,Design Biomimetico,9.0,APROVADO POR MÉDIA
2016,Bruno Miguel,TWIP0018,Teoria da Cor,7.0,APROVADO POR MÉDIA
2016,Bruno Miguel,RMDE3651,Teoria do Design,9.0,APROVADO POR MÉDIA
2016,Bruno Miguel,DQUN5124,Comunicacao Visual,8.0,APROVADO POR MÉDIA
2016,Bruno Miguel,NVRL4030,Materiais e Processos,,DISPENSADO
2016,Bruno Miguel,LSHL3127,Design de Redes Sociais,9.45,APROVADO POR MÉDIA
2016,Bruno Miguel,TOZF3011,SemiÃ³tica,10.0,APROVADO POR MÉDIA
2016,Bruno Miguel,PBCQ5148,Design de Impressao e Publicacao,9.0,APROVADO POR MÉDIA
2016,Bruno Miguel,XYOT5349,Tecnicas de Iluminacao,10.0,APROVADO POR MÉDIA
2016,Bruno Miguel,,INTEGRALIZADO,,
2017,Bruno Miguel,,FORMADO,,
2006,Vitor Alice,OCRQ3517,Storytelling Visual,,REPROVADO POR FALTA
2006,Vitor Alice,RJGL2456,Design Colaborativo,,REPROVADO POR FALTA
2006,Vitor Alice,QBWW6998,Computacao Grafica,6.75,APROVADO
2006,Vitor Alice,UFMQ0127,Design para Longevidade,,REPROVADO POR FALTA
2006,Vitor Alice,MKUB0718,Design de Mobiliario,7.0,APROVADO POR MÉDIA
2006,Vitor Alice,BKII1063,Design de Visualizacao de Informacoes,,REPROVADO POR FALTA
2006,Vitor Alice,RJYZ5864,Identidade Visual,,REPROVADO POR FALTA
2006,Vitor Alice,OCRQ3517,Storytelling Visual,,REPROVADO POR FALTA
2006,Vitor Alice,RJGL2456,Design Colaborativo,,REPROVADO POR FALTA
2006,Vitor Alice,UFMQ0127,Design para Longevidade,,REPROVADO POR FALTA
2006,Vitor Alice,JGDZ1333,Gamificacao,,REPROVADO POR FALTA
2006,Vitor Alice,BKII1063,Design de Visualizacao de Informacoes,,REPROVADO POR FALTA
2007,Vitor Alice,,DESVINCULADO,,
2018,Carolina Luciana,,DESLIGAMENTO,,
2016,Lais Eduarda,OCRQ3517,Storytelling Visual,,REPROVADO POR FALTA
2016,Lais Eduarda,RJGL2456,Design Colaborativo,6.85,APROVADO
2016,Lais Eduarda,QBWW6998,Computacao Grafica,8.0,APROVADO POR MÉDIA
2016,Lais Eduarda,UFMQ0127,Design para Longevidade,,REPROVADO POR FALTA
2016,Lais Eduarda,MKUB0718,Design de Mobiliario,7.85,APROVADO POR MÉDIA
2016,Lais Eduarda,BKII1063,Design de Visualizacao de Informacoes,7.0,APROVADO POR MÉDIA
2016,Lais Eduarda,RJYZ5864,Identidade Visual,7.0,APROVADO POR MÉDIA
2016,Lais Eduarda,DOMK5241,Design de Aprendizado,,REPROVADO POR FALTA
2016,Lais Eduarda,ZULH9584,Projeto Integrado,7.41,APROVADO
2016,Lais Eduarda,UFMQ0127,Design para Longevidade,7.05,APROVADO
2016,Lais Eduarda,NRYN3294,Design de Interfaces Neuromorficas,8.66,APROVADO POR MÉDIA
2016,Lais Eduarda,NRCI1107,Design de Experiencia em Museus,,REPROVADO POR FALTA
2016,Lais Eduarda,AAZN5771,Ergonomia,8.75,APROVADO POR MÉDIA
2017,Lais Eduarda,OCRQ3517,Storytelling Visual,9.7,APROVADO POR MÉDIA
2017,Lais Eduarda,JJNT2088,Manipulacao de Imagem,8.0,APROVADO POR MÉDIA
2017,Lais Eduarda,JGDZ1333,Gamificacao,8.25,APROVADO POR MÉDIA
2017,Lais Eduarda,TSYB3211,Impressao 3D,8.75,APROVADO POR MÉDIA
2017,Lais Eduarda,BLDG0260,Design de Joias,7.43,APROVADO
2017,Lais Eduarda,FZLO1427,Marketing de Produto,8.2,APROVADO POR MÉDIA
2017,Lais Eduarda,KAWV5083,Branding,8.5,APROVADO POR MÉDIA
2017,Lais Eduarda,COOQ5695,Design de Interacao em Tempo Real,9.5,APROVADO POR MÉDIA
2017,Lais Eduarda,VFBH8799,Design Cibernetico,9.0,APROVADO POR MÉDIA
2017,Lais Eduarda,UCTK5222,Design de Realidade Aumentada (AR) e Virtual (VR),8.0,APROVADO POR MÉDIA
2017,Lais Eduarda,JVFQ7338,Design de Interacao Cultural,8.5,APROVADO POR MÉDIA
2017,Lais Eduarda,QVGO0107,Prototipagem em Papel,8.0,APROVADO POR MÉDIA
2017,Lais Eduarda,LERH6635,Design de Produto,9.5,APROVADO POR MÉDIA
2018,Lais Eduarda,MAEY1044,"Design Computacional
DOCENTE(S): Maria Santos",9.35,APROVADO POR MÉDIA
2018,Lais Eduarda,SATJ7970,"Design de Narrativa Espacial
DOCENTE(S): Ana Costa",10.0,APROVADO POR MÉDIA
2018,Lais Eduarda,RVMF0745,"Design Biomimetico
DOCENTE(S): Carla Souza
DOCENTE(S): -----------.",,RENOVAÇÃO DE ESTÁGIO
2018,Lais Eduarda,TPYC6338,"Design Thinking
DOCENTE(S): Joao Silva",9.0,APROVADO POR MÉDIA
2018,Lais Eduarda,IENT5068,"Design Experimental
DOCENTE(S): Rafaela Gomes",9.5,APROVADO POR MÉDIA
2018,Lais Eduarda,BKYH9817,"Design de Interacao Social
DOCENTE(S): Ana Costa",8.5,APROVADO POR MÉDIA
2018,Lais Eduarda,KZBU0327,Design de Interacao Corporal,9.25,APROVADO POR MÉDIA
2018,Lais Eduarda,AOXV5438,"Design de Espacos Virtuais
DOCENTE(S): Pedro Oliveira",9.5,APROVADO POR MÉDIA
2018,Lais Eduarda,RRME1020,"Design Parametrico
DOCENTE(S): Juliana Rodrigues",9.51,APROVADO POR MÉDIA
2018,Lais Eduarda,WPUV3332,"Design de Tecnologia Vestivel (Wearable)
DOCENTE(S): Andre Almeida",8.75,APROVADO POR MÉDIA
2018,Lais Eduarda,RVMF0745,"Design Biomimetico
DOCENTE(S): Carla Souza",10.0,APROVADO POR MÉDIA
2018,Lais Eduarda,LLKP8902,"Design Digital
DOCENTE(S): Patricia Nunes",9.75,APROVADO POR MÉDIA
2018,Lais Eduarda,NRCI1107,"Design de Experiencia em Museus
DOCENTE(S): Pedro Oliveira",8.3,APROVADO POR MÉDIA
2018,Lais Eduarda,MXMO8868,"Cultura Visual
DOCENTE(S): Patricia Nunes",8.0,APROVADO POR MÉDIA
ANO,Lais Eduarda,CÓDIGO,DISCIPLINA,NOTA FINAL,SITUAÇÃO CONCEITO
2018,Lais Eduarda,XERB6119,"Gestao de Marcas
DOCENTE(S): Maria Santos",8.0,APROVADO POR MÉDIA
2018,Lais Eduarda,UXMU2899,"Interacao Tangivel
DOCENTE(S): Gustavo Martins",8.5,APROVADO POR MÉDIA
2018,Lais Eduarda,VMGY1151,"Design de Interacao Tangivel
DOCENTE(S): Rafaela Gomes",7.0,APROVADO POR MÉDIA
2018,Lais Eduarda,TRQX5862,"Etica em Design
DOCENTE(S): Juliana Rodrigues",7.75,APROVADO POR MÉDIA
2019,Lais Eduarda,HQDD9963,"Design Sonoro
DOCENTE(S): Patricia Nunes",8.5,APROVADO POR MÉDIA
2019,Lais Eduarda,BMDH7993,"Design de Apresentacoes
DOCENTE(S): Diego Cardoso",7.5,APROVADO POR MÉDIA
2019,Lais Eduarda,TWIP0018,"Teoria da Cor
DOCENTE(S): Ana Costa",7.9,APROVADO POR MÉDIA
2019,Lais Eduarda,VOQA5582,"Tipografia
DOCENTE(S): Joao Silva",5.5,APROVADO
2019,Lais Eduarda,RMDE3651,"Teoria do Design
DOCENTE(S): Marcos Ferreira",8.1,APROVADO POR MÉDIA
2019,Lais Eduarda,DQUN5124,"Comunicacao Visual
DOCENTE(S): Luiz Pereira",9.0,APROVADO POR MÉDIA
2019,Lais Eduarda,TLQG8423,"Design Biofilico
DOCENTE(S): Ana Costa",8.0,APROVADO POR MÉDIA
2019,Lais Eduarda,LSHL3127,"Design de Redes Sociais
DOCENTE(S): Larissa Vieira",9.25,APROVADO POR MÉDIA
2019,Lais Eduarda,PBCQ5148,"Design de Impressao e Publicacao
DOCENTE(S): Gustavo Martins",7.65,APROVADO POR MÉDIA
2019,Lais Eduarda,NGVU3526,"Ecodesign
DOCENTE(S): Diego Cardoso",7.5,APROVADO POR MÉDIA
2019,Lais Eduarda,TOZF3011,"SemiÃ³tica
DOCENTE(S): Luiz Pereira",10.0,APROVADO POR MÉDIA
2019,Lais Eduarda,DOMK5241,"Design de Aprendizado
DOCENTE(S): Ana Costa",8.55,APROVADO POR MÉDIA
2019,Lais Eduarda,DZNQ4989,"Design Cenico
DOCENTE(S): Ana Costa",10.0,APROVADO POR MÉDIA
2019,Lais Eduarda,XYOT5349,"Tecnicas de Iluminacao
DOCENTE(S): Gustavo Martins",8.5,APROVADO POR MÉDIA
2019,Lais Eduarda,,INTEGRALIZADO,,
2020,Lais Eduarda,,FORMADO,,
2018,Leonardo Leticia,OCRQ3517,"Storytelling Visual
DOCENTE(S): Maria Santos",9.0,APROVADO POR MÉDIA
2018,Leonardo Leticia,RJGL2456,"Design Colaborativo
DOCENTE(S): Fernanda Lima",7.15,APROVADO POR MÉDIA
2018,Leonardo Leticia,QBWW6998,"Computacao Grafica
DOCENTE(S): Marcos Ferreira",8.5,APROVADO POR MÉDIA
2018,Leonardo Leticia,UFMQ0127,"Design para Longevidade
DOCENTE(S): Marcos Ferreira",7.7,APROVADO POR MÉDIA
2018,Leonardo Leticia,MKUB0718,"Design de Mobiliario
DOCENTE(S): Fernanda Lima",9.2,APROVADO POR MÉDIA
2018,Leonardo Leticia,BKII1063,"Design de Visualizacao de Informacoes
DOCENTE(S): Andre Almeida",5.3,APROVADO
2018,Leonardo Leticia,RJYZ5864,"Identidade Visual
DOCENTE(S): Joao Silva",7.5,APROVADO POR MÉDIA
2018,Leonardo Leticia,DOMK5241,"Design de Aprendizado
DOCENTE(S): Ana Costa",7.1,APROVADO POR MÉDIA
2018,Leonardo Leticia,ZULH9584,"Projeto Integrado
DOCENTE(S): Fernanda Lima",10.0,APROVADO POR MÉDIA
2018,Leonardo Leticia,WPUV3332,"Design de Tecnologia Vestivel (Wearable)
DOCENTE(S): Andre Almeida",9.0,APROVADO POR MÉDIA
2018,Leonardo Leticia,NRYN3294,"Design de Interfaces Neuromorficas
DOCENTE(S): Marcos Ferreira",7.25,APROVADO POR MÉDIA
2018,Leonardo Leticia,NRCI1107,"Design de Experiencia em Museus
DOCENTE(S): Pedro Oliveira",5.93,APROVADO
2018,Leonardo Leticia,AAZN5771,"Ergonomia
DOCENTE(S): Pedro Oliveira",9.75,APROVADO POR MÉDIA
2019,Leonardo Leticia,JJNT2088,"Manipulacao de Imagem
DOCENTE(S): Diego Cardoso",8.52,APROVADO POR MÉDIA
2019,Leonardo Leticia,JGDZ1333,"Gamificacao
DOCENTE(S): Luiz Pereira",8.65,APROVADO POR MÉDIA
2019,Leonardo Leticia,TSYB3211,"Impressao 3D
DOCENTE(S): Marcos Ferreira",9.5,APROVADO POR MÉDIA
2019,Leonardo Leticia,VOQA5582,"Tipografia
DOCENTE(S): Joao Silva",7.0,APROVADO POR MÉDIA
2019,Leonardo Leticia,BLDG0260,"Design de Joias
DOCENTE(S): Gustavo Martins",8.3,APROVADO POR MÉDIA
2019,Leonardo Leticia,FZLO1427,"Marketing de Produto
DOCENTE(S): Carla Souza",9.0,APROVADO POR MÉDIA
2019,Leonardo Leticia,KAWV5083,"Branding
DOCENTE(S): Rafaela Gomes",7.25,APROVADO POR MÉDIA
2019,Leonardo Leticia,NGVU3526,"Ecodesign
DOCENTE(S): Diego Cardoso",9.0,APROVADO POR MÉDIA
2019,Leonardo Leticia,COOQ5695,"Design de Interacao em Tempo Real
DOCENTE(S): Pedro Oliveira",8.5,APROVADO POR MÉDIA
2019,Leonardo Leticia,VFBH8799,"Design Cibernetico
DOCENTE(S): Joao Silva",8.4,APROVADO POR MÉDIA
2019,Leonardo Leticia,UCTK5222,"Design de Realidade Aumentada (AR) e Virtual (VR)
DOCENTE(S): Juliana Rodrigues",7.25,APROVADO POR MÉDIA
2019,Leonardo Leticia,JVFQ7338,"Design de Interacao Cultural
DOCENTE(S): Gustavo Martins",8.0,APROVADO POR MÉDIA
2019,Leonardo Leticia,QVGO0107,"Prototipagem em Papel
DOCENTE(S): Juliana Rodrigues",7.65,APROVADO POR MÉDIA
2019,Leonardo Leticia,LERH6635,"Design de Produto
DOCENTE(S): Carla Souza",7.75,APROVADO POR MÉDIA
2020,Leonardo Leticia,MAEY1044,"Design Computacional
DOCENTE(S): Maria Santos",7.6,APROVADO POR MÉDIA
2020,Leonardo Leticia,TPYC6338,"Design Thinking
DOCENTE(S): Joao Silva",10.0,APROVADO POR MÉDIA
2020,Leonardo Leticia,IENT5068,"Design Experimental
DOCENTE(S): Rafaela Gomes",10.0,APROVADO POR MÉDIA
2020,Leonardo Leticia,AOXV5438,"Design de Espacos Virtuais
DOCENTE(S): Pedro Oliveira",10.0,APROVADO POR MÉDIA
2020,Leonardo Leticia,SATJ7970,Design de Narrativa Espacial,9.5,APROVADO POR MÉDIA
ANO,Leonardo Leticia,CÓDIGO,DISCIPLINA,NOTA FINAL,SITUAÇÃO CONCEITO
,Leonardo Leticia,,DOCENTE(S): -----------,,
2020,Leonardo Leticia,KZBU0327,"Design de Interacao Corporal
DOCENTE(S): Fernanda Lima",9.0,APROVADO POR MÉDIA
2020,Leonardo Leticia,RRME1020,"Design Parametrico
DOCENTE(S): Juliana Rodrigues",8.5,APROVADO POR MÉDIA
2020,Leonardo Leticia,LLKP8902,"Design Digital
DOCENTE(S): Patricia Nunes",9.45,APROVADO POR MÉDIA
2020,Leonardo Leticia,DZNQ4989,"Design Cenico
DOCENTE(S): Ana Costa",9.0,APROVADO POR MÉDIA
2020,Leonardo Leticia,MXMO8868,"Cultura Visual
DOCENTE(S): Patricia Nunes",9.0,APROVADO POR MÉDIA
2020,Leonardo Leticia,XERB6119,"Gestao de Marcas
DOCENTE(S): Maria Santos",9.0,APROVADO POR MÉDIA
2020,Leonardo Leticia,UXMU2899,"Interacao Tangivel
DOCENTE(S): Gustavo Martins",10.0,APROVADO POR MÉDIA
2020,Leonardo Leticia,TRQX5862,"Etica em Design
DOCENTE(S): Juliana Rodrigues",10.0,APROVADO POR MÉDIA
2021,Leonardo Leticia,HQDD9963,"Design Sonoro
DOCENTE(S): Patricia Nunes",10.0,APROVADO POR MÉDIA
2021,Leonardo Leticia,BMDH7993,"Design de Apresentacoes
DOCENTE(S): Diego Cardoso",8.25,APROVADO POR MÉDIA
2021,Leonardo Leticia,TWIP0018,"Teoria da Cor
DOCENTE(S): Ana Costa",10.0,APROVADO POR MÉDIA
2021,Leonardo Leticia,RMDE3651,"Teoria do Design
DOCENTE(S): Marcos Ferreira",9.75,APROVADO POR MÉDIA
2021,Leonardo Leticia,DQUN5124,"Comunicacao Visual
DOCENTE(S): Luiz Pereira",10.0,APROVADO POR MÉDIA
2021,Leonardo Leticia,NVRL4030,"Materiais e Processos
DOCENTE(S): Juliana Rodrigues",10.0,APROVADO POR MÉDIA
2021,Leonardo Leticia,LSHL3127,"Design de Redes Sociais
DOCENTE(S): Larissa Vieira",7.0,APROVADO POR MÉDIA
2021,Leonardo Leticia,TOZF3011,"SemiÃ³tica
DOCENTE(S): Luiz Pereira",8.0,APROVADO POR MÉDIA
2021,Leonardo Leticia,HILN2052,"Design de Impacto Social
DOCENTE(S): Rafaela Gomes",10.0,APROVADO POR MÉDIA
2021,Leonardo Leticia,TLQG8423,"Design Biofilico
DOCENTE(S): Ana Costa",10.0,APROVADO POR MÉDIA
2021,Leonardo Leticia,VMGY1151,"Design de Interacao Tangivel
DOCENTE(S): Rafaela Gomes",8.5,APROVADO POR MÉDIA
2021,Leonardo Leticia,XYOT5349,"Tecnicas de Iluminacao
DOCENTE(S): Gustavo Martins",10.0,APROVADO POR MÉDIA
2022,Leonardo Leticia,,TRANCAMENTO,,
2022,Leonardo Leticia,RVMF0745,"Design Biomimetico
DOCENTE(S): Carla Souza
(DOUTORADO).",9.0,APROVADO POR MÉDIA
2022,Leonardo Leticia,,INTEGRALIZADO,,
2022,Leonardo Leticia,,FORMADO,,
2021,Evelyn Mateus,OCRQ3517,"Storytelling Visual
DOCENTE(S): Maria Santos",10.0,APROVADO POR MÉDIA
2021,Evelyn Mateus,RJGL2456,"Design Colaborativo
DOCENTE(S): Fernanda Lima",5.65,APROVADO
2021,Evelyn Mateus,QBWW6998,"Computacao Grafica
DOCENTE(S): Marcos Ferreira",7.0,APROVADO POR MÉDIA
2021,Evelyn Mateus,UFMQ0127,"Design para Longevidade
DOCENTE(S): Marcos Ferreira",2.7,REPROVADO
2021,Evelyn Mateus,MKUB0718,"Design de Mobiliario
DOCENTE(S): Fernanda Lima",8.2,APROVADO POR MÉDIA
2021,Evelyn Mateus,BKII1063,"Design de Visualizacao de Informacoes
DOCENTE(S): Andre Almeida",7.25,APROVADO POR MÉDIA
2021,Evelyn Mateus,RJYZ5864,"Identidade Visual
DOCENTE(S): Joao Silva",8.75,APROVADO POR MÉDIA
2021,Evelyn Mateus,DOMK5241,"Design de Aprendizado
DOCENTE(S): Ana Costa",,REPROVADO POR FALTA
2021,Evelyn Mateus,ZULH9584,"Projeto Integrado
DOCENTE(S): Fernanda Lima",,REPROVADO POR FALTA
2021,Evelyn Mateus,WPUV3332,"Design de Tecnologia Vestivel (Wearable)
DOCENTE(S): Andre Almeida",9.25,APROVADO POR MÉDIA
2021,Evelyn Mateus,NRYN3294,"Design de Interfaces Neuromorficas
DOCENTE(S): Marcos Ferreira
DA SILVA (MESTRADO).",,REPROVADO POR FALTA
2021,Evelyn Mateus,NRCI1107,"Design de Experiencia em Museus
DOCENTE(S): Pedro Oliveira",,REPROVADO POR FALTA
2021,Evelyn Mateus,AAZN5771,"Ergonomia
DOCENTE(S): Pedro Oliveira",,REPROVADO POR FALTA
2022,Evelyn Mateus,,DESVINCULADO,,
2007,Matheus Matheus,OCRQ3517,Storytelling Visual,,REPROVADO POR FALTA
2007,Matheus Matheus,RJGL2456,Design Colaborativo,,REPROVADO POR FALTA
2007,Matheus Matheus,QBWW6998,Computacao Grafica,,REPROVADO POR FALTA
2007,Matheus Matheus,UFMQ0127,Design para Longevidade,,REPROVADO POR FALTA
2007,Matheus Matheus,MKUB0718,Design de Mobiliario,,REPROVADO POR FALTA
2007,Matheus Matheus,BKII1063,Design de Visualizacao de Informacoes,,REPROVADO POR FALTA
2007,Matheus Matheus,RJYZ5864,Identidade Visual,,REPROVADO POR FALTA
2016,Lucas Elisa,OCRQ3517,Storytelling Visual,7.25,APROVADO
2016,Lucas Elisa,RJGL2456,Design Colaborativo,9.3,APROVADO POR MÉDIA
2016,Lucas Elisa,QBWW6998,Computacao Grafica,10.0,APROVADO POR MÉDIA
2016,Lucas Elisa,UFMQ0127,Design para Longevidade,7.5,APROVADO POR MÉDIA
2016,Lucas Elisa,MKUB0718,Design de Mobiliario,9.0,APROVADO POR MÉDIA
2016,Lucas Elisa,BKII1063,Design de Visualizacao de Informacoes,7.5,APROVADO POR MÉDIA
2016,Lucas Elisa,RJYZ5864,Identidade Visual,8.25,APROVADO POR MÉDIA
2016,Lucas Elisa,DOMK5241,Design de Aprendizado,5.5,APROVADO
2016,Lucas Elisa,ZULH9584,Projeto Integrado,8.18,APROVADO POR MÉDIA
2016,Lucas Elisa,WPUV3332,Design de Tecnologia Vestivel (Wearable),7.4,APROVADO POR MÉDIA
2016,Lucas Elisa,NRYN3294,Design de Interfaces Neuromorficas,7.83,APROVADO POR MÉDIA
2016,Lucas Elisa,NRCI1107,Design de Experiencia em Museus,7.68,APROVADO POR MÉDIA
2016,Lucas Elisa,AAZN5771,Ergonomia,8.25,APROVADO POR MÉDIA
2017,Lucas Elisa,JJNT2088,Manipulacao de Imagem,8.0,APROVADO POR MÉDIA
2017,Lucas Elisa,JGDZ1333,Gamificacao,7.25,APROVADO POR MÉDIA
2017,Lucas Elisa,TSYB3211,Impressao 3D,8.75,APROVADO POR MÉDIA
2017,Lucas Elisa,VOQA5582,Tipografia,9.75,APROVADO POR MÉDIA
2017,Lucas Elisa,BLDG0260,Design de Joias,9.4,APROVADO POR MÉDIA
2017,Lucas Elisa,FZLO1427,Marketing de Produto,6.15,APROVADO
2017,Lucas Elisa,KAWV5083,Branding,7.25,APROVADO POR MÉDIA
2017,Lucas Elisa,NGVU3526,Ecodesign,8.3,APROVADO POR MÉDIA
2017,Lucas Elisa,COOQ5695,Design de Interacao em Tempo Real,9.5,APROVADO POR MÉDIA
2017,Lucas Elisa,VFBH8799,Design Cibernetico,9.8,APROVADO POR MÉDIA
2017,Lucas Elisa,UCTK5222,Design de Realidade Aumentada (AR) e Virtual (VR),8.0,APROVADO POR MÉDIA
2017,Lucas Elisa,JVFQ7338,Design de Interacao Cultural,8.5,APROVADO POR MÉDIA
2017,Lucas Elisa,QVGO0107,Prototipagem em Papel,8.0,APROVADO POR MÉDIA
2017,Lucas Elisa,LERH6635,Design de Produto,8.5,APROVADO POR MÉDIA
2018,Lucas Elisa,MAEY1044,"Design Computacional
DOCENTE(S): Maria Santos",9.25,APROVADO POR MÉDIA
2018,Lucas Elisa,SATJ7970,"Design de Narrativa Espacial
DOCENTE(S): Ana Costa",10.0,APROVADO POR MÉDIA
2018,Lucas Elisa,TPYC6338,"Design Thinking
DOCENTE(S): Joao Silva",9.0,APROVADO POR MÉDIA
2018,Lucas Elisa,IENT5068,"Design Experimental
DOCENTE(S): Rafaela Gomes",10.0,APROVADO POR MÉDIA
2018,Lucas Elisa,BKYH9817,"Design de Interacao Social
DOCENTE(S): Ana Costa",8.5,APROVADO POR MÉDIA
2018,Lucas Elisa,KZBU0327,Design de Interacao Corporal,9.25,APROVADO POR MÉDIA
2018,Lucas Elisa,AOXV5438,"Design de Espacos Virtuais
DOCENTE(S): Pedro Oliveira",9.5,APROVADO POR MÉDIA
2018,Lucas Elisa,RRME1020,"Design Parametrico
DOCENTE(S): Juliana Rodrigues",9.85,APROVADO POR MÉDIA
2018,Lucas Elisa,RVMF0745,"Design Biomimetico
DOCENTE(S): Carla Souza",,RENOVAÇÃO DE ESTÁGIO
2018,Lucas Elisa,LLKP8902,"Design Digital
DOCENTE(S): Patricia Nunes",8.75,APROVADO POR MÉDIA
2018,Lucas Elisa,DZNQ4989,"Design Cenico
DOCENTE(S): Ana Costa",7.0,APROVADO POR MÉDIA
2018,Lucas Elisa,MXMO8868,"Cultura Visual
DOCENTE(S): Patricia Nunes",7.5,APROVADO POR MÉDIA
2018,Lucas Elisa,XERB6119,"Gestao de Marcas
DOCENTE(S): Maria Santos",8.0,APROVADO POR MÉDIA
2018,Lucas Elisa,UXMU2899,Interacao Tangivel,8.5,APROVADO POR MÉDIA
ANO,Lucas Elisa,CÓDIGO,DISCIPLINA,NOTA FINAL,SITUAÇÃO CONCEITO
,Lucas Elisa,,DOCENTE(S): -----------,,
2018,Lucas Elisa,TRQX5862,"Etica em Design
DOCENTE(S): Juliana Rodrigues",7.75,APROVADO POR MÉDIA
2018,Lucas Elisa,VNBQ5535,"Design de Moda
DOCENTE(S): Fernanda Lima",9.5,APROVADO POR MÉDIA
2019,Lucas Elisa,HILN2052,"Design de Impacto Social
DOCENTE(S): Rafaela Gomes",8.0,APROVADO POR MÉDIA
2019,Lucas Elisa,BMDH7993,"Design de Apresentacoes
DOCENTE(S): Diego Cardoso",7.5,APROVADO POR MÉDIA
2019,Lucas Elisa,RVMF0745,"Design Biomimetico
DOCENTE(S): Carla Souza",10.0,APROVADO POR MÉDIA
2019,Lucas Elisa,TWIP0018,"Teoria da Cor
DOCENTE(S): Ana Costa",8.4,APROVADO POR MÉDIA
2019,Lucas Elisa,RMDE3651,"Teoria do Design
DOCENTE(S): Marcos Ferreira",8.65,APROVADO POR MÉDIA
2019,Lucas Elisa,DQUN5124,"Comunicacao Visual
DOCENTE(S): Luiz Pereira",8.5,APROVADO POR MÉDIA
2019,Lucas Elisa,NVRL4030,"Materiais e Processos
DOCENTE(S): Juliana Rodrigues",8.0,APROVADO POR MÉDIA
2019,Lucas Elisa,LSHL3127,"Design de Redes Sociais
DOCENTE(S): Larissa Vieira",8.15,APROVADO POR MÉDIA
2019,Lucas Elisa,TOZF3011,"SemiÃ³tica
DOCENTE(S): Luiz Pereira",10.0,APROVADO POR MÉDIA
2019,Lucas Elisa,VMGY1151,"Design de Interacao Tangivel
DOCENTE(S): Rafaela Gomes",9.0,APROVADO POR MÉDIA
2019,Lucas Elisa,XYOT5349,"Tecnicas de Iluminacao
DOCENTE(S): Gustavo Martins",7.5,APROVADO POR MÉDIA
2019,Lucas Elisa,,INTEGRALIZADO,,
2020,Lucas Elisa,,FORMADO,,
2020,Mauricio Daniel,,DESLIGAMENTO,,
2021,Enzo Nathanael,OCRQ3517,"Storytelling Visual
DOCENTE(S): Maria Santos",8.5,APROVADO POR MÉDIA
2021,Enzo Nathanael,RJGL2456,"Design Colaborativo
DOCENTE(S): Fernanda Lima",10.0,APROVADO POR MÉDIA
2021,Enzo Nathanael,QBWW6998,"Computacao Grafica
DOCENTE(S): Marcos Ferreira",7.0,APROVADO POR MÉDIA
2021,Enzo Nathanael,UFMQ0127,"Design para Longevidade
DOCENTE(S): Marcos Ferreira",6.93,APROVADO
2021,Enzo Nathanael,MKUB0718,"Design de Mobiliario
DOCENTE(S): Fernanda Lima",10.0,APROVADO POR MÉDIA
2021,Enzo Nathanael,BKII1063,"Design de Visualizacao de Informacoes
DOCENTE(S): Andre Almeida",7.25,APROVADO POR MÉDIA
2021,Enzo Nathanael,RJYZ5864,"Identidade Visual
DOCENTE(S): Joao Silva",9.25,APROVADO POR MÉDIA
2021,Enzo Nathanael,DOMK5241,"Design de Aprendizado
DOCENTE(S): Ana Costa",,REPROVADO POR FALTA
2021,Enzo Nathanael,ZULH9584,"Projeto Integrado
DOCENTE(S): Fernanda Lima",,REPROVADO POR FALTA
2021,Enzo Nathanael,WPUV3332,"Design de Tecnologia Vestivel (Wearable)
DOCENTE(S): Andre Almeida",,REPROVADO POR FALTA
2021,Enzo Nathanael,NRYN3294,"Design de Interfaces Neuromorficas
DOCENTE(S): Marcos Ferreira
DA SILVA (MESTRADO).",,REPROVADO POR FALTA
2021,Enzo Nathanael,NRCI1107,"Design de Experiencia em Museus
DOCENTE(S): Pedro Oliveira",,REPROVADO POR FALTA
2022,Enzo Nathanael,,DESVINCULADO,,
2008,Guilherme Lara,OCRQ3517,Storytelling Visual,10.0,APROVADO POR MÉDIA
2008,Guilherme Lara,RJGL2456,Design Colaborativo,8.75,APROVADO POR MÉDIA
2008,Guilherme Lara,QBWW6998,Computacao Grafica,8.25,APROVADO POR MÉDIA
2008,Guilherme Lara,UFMQ0127,Design para Longevidade,8.5,APROVADO POR MÉDIA
2008,Guilherme Lara,MKUB0718,Design de Mobiliario,10.0,APROVADO POR MÉDIA
2008,Guilherme Lara,BKII1063,Design de Visualizacao de Informacoes,9.5,APROVADO POR MÉDIA
2008,Guilherme Lara,RJYZ5864,Identidade Visual,8.5,APROVADO POR MÉDIA
2009,Guilherme Lara,ZULH9584,Projeto Integrado,,REPROVADO POR FALTA
2009,Guilherme Lara,WPUV3332,Design de Tecnologia Vestivel (Wearable),,REPROVADO POR FALTA
2009,Guilherme Lara,MXMO8868,Cultura Visual,,REPROVADO POR FALTA
2010,Guilherme Lara,,DESVINCULADO,,
2007,Camila Amanda,OCRQ3517,Storytelling Visual,8.5,APROVADO POR MÉDIA
2007,Camila Amanda,RJGL2456,Design Colaborativo,5.5,APROVADO
2007,Camila Amanda,QBWW6998,Computacao Grafica,8.0,APROVADO POR MÉDIA
2007,Camila Amanda,UFMQ0127,Design para Longevidade,7.25,APROVADO POR MÉDIA
2007,Camila Amanda,MKUB0718,Design de Mobiliario,8.0,APROVADO POR MÉDIA
2007,Camila Amanda,BKII1063,Design de Visualizacao de Informacoes,5.0,APROVADO
2007,Camila Amanda,RJYZ5864,Identidade Visual,8.0,APROVADO POR MÉDIA
2008,Camila Amanda,DOMK5241,Design de Aprendizado,7.0,APROVADO POR MÉDIA
2008,Camila Amanda,ZULH9584,Projeto Integrado,3.55,REPROVADO
2008,Camila Amanda,WPUV3332,Design de Tecnologia Vestivel (Wearable),8.75,APROVADO POR MÉDIA
2008,Camila Amanda,NRYN3294,Design de Interfaces Neuromorficas,7.0,APROVADO POR MÉDIA
2008,Camila Amanda,NRCI1107,Design de Experiencia em Museus,7.0,APROVADO POR MÉDIA
2008,Camila Amanda,AAZN5771,Ergonomia,7.15,APROVADO POR MÉDIA
2008,Camila Amanda,JJNT2088,Manipulacao de Imagem,9.3,APROVADO POR MÉDIA
2008,Camila Amanda,ZULH9584,Projeto Integrado,6.35,APROVADO
2008,Camila Amanda,JGDZ1333,Gamificacao,7.5,APROVADO POR MÉDIA
2008,Camila Amanda,TSYB3211,Impressao 3D,10.0,APROVADO POR MÉDIA
2008,Camila Amanda,BLDG0260,Design de Joias,8.38,APROVADO POR MÉDIA
2008,Camila Amanda,KAWV5083,Branding,8.5,APROVADO POR MÉDIA
2009,Camila Amanda,NGVU3526,Ecodesign,8.55,APROVADO POR MÉDIA
2009,Camila Amanda,COOQ5695,Design de Interacao em Tempo Real,7.0,APROVADO POR MÉDIA
2009,Camila Amanda,VFBH8799,Design Cibernetico,7.6,APROVADO POR MÉDIA
2009,Camila Amanda,UCTK5222,Design de Realidade Aumentada (AR) e Virtual (VR),7.5,APROVADO POR MÉDIA
2009,Camila Amanda,JVFQ7338,Design de Interacao Cultural,6.75,APROVADO
2009,Camila Amanda,VOQA5582,Tipografia,8.25,APROVADO POR MÉDIA
2009,Camila Amanda,QVGO0107,Prototipagem em Papel,9.0,APROVADO POR MÉDIA
2009,Camila Amanda,LERH6635,Design de Produto,8.55,APROVADO POR MÉDIA
2009,Camila Amanda,RRME1020,Design Parametrico,8.0,APROVADO POR MÉDIA
2009,Camila Amanda,MAEY1044,Design Computacional,9.52,APROVADO POR MÉDIA
2009,Camila Amanda,SATJ7970,Design de Narrativa Espacial,9.0,APROVADO POR MÉDIA
2009,Camila Amanda,TPYC6338,Design Thinking,7.5,APROVADO POR MÉDIA
2009,Camila Amanda,RMDE3651,Teoria do Design,5.63,APROVADO
2009,Camila Amanda,KZBU0327,Design de Interacao Corporal,9.0,APROVADO POR MÉDIA
2009,Camila Amanda,UXMU2899,Interacao Tangivel,,APROVADO POR FREQÜÊNCIA
2009,Camila Amanda,AOXV5438,Design de Espacos Virtuais,7.45,APROVADO POR MÉDIA
2010,Camila Amanda,BMDH7993,Design de Apresentacoes,8.5,APROVADO POR MÉDIA
2010,Camila Amanda,LLKP8902,Design Digital,7.9,APROVADO POR MÉDIA
2010,Camila Amanda,DZNQ4989,Design Cenico,8.85,APROVADO POR MÉDIA
2010,Camila Amanda,MXMO8868,Cultura Visual,8.25,APROVADO POR MÉDIA
2010,Camila Amanda,FZLO1427,Marketing de Produto,7.3,APROVADO POR MÉDIA
2010,Camila Amanda,TRQX5862,Etica em Design,8.25,APROVADO POR MÉDIA
2010,Camila Amanda,VNBQ5535,Design de Moda,8.23,APROVADO POR MÉDIA
2010,Camila Amanda,RVMF0745,Design Biomimetico,8.5,APROVADO POR MÉDIA
2010,Camila Amanda,TWIP0018,Teoria da Cor,7.75,APROVADO POR MÉDIA
2010,Camila Amanda,IENT5068,Design Experimental,7.0,APROVADO POR MÉDIA
2010,Camila Amanda,XERB6119,Gestao de Marcas,9.0,APROVADO POR MÉDIA
ANO,Camila Amanda,CÓDIGO,DISCIPLINA,NOTA FINAL,SITUAÇÃO CONCEITO
2010,Camila Amanda,PBCQ5148,Design de Impressao e Publicacao,8.75,APROVADO POR MÉDIA
2011,Camila Amanda,TOZF3011,SemiÃ³tica,9.75,APROVADO POR MÉDIA
2011,Camila Amanda,BKYH9817,Design de Interacao Social,8.5,APROVADO POR MÉDIA
2011,Camila Amanda,DQUN5124,Comunicacao Visual,8.6,APROVADO POR MÉDIA
2011,Camila Amanda,NVRL4030,Materiais e Processos,9.5,APROVADO POR MÉDIA
2011,Camila Amanda,LSHL3127,Design de Redes Sociais,8.25,APROVADO POR MÉDIA
2011,Camila Amanda,VMGY1151,Design de Interacao Tangivel,8.0,APROVADO POR MÉDIA
2011,Camila Amanda,XYOT5349,Tecnicas de Iluminacao,8.0,APROVADO POR MÉDIA
2011,Camila Amanda,,INTEGRALIZADO,,
2011,Camila Amanda,,FORMADO,,
2006,Ricardo Vanessa,OCRQ3517,Storytelling Visual,4.13,REPROVADO
2006,Ricardo Vanessa,RJGL2456,Design Colaborativo,2.25,REPROVADO
2006,Ricardo Vanessa,QBWW6998,Computacao Grafica,8.0,APROVADO POR MÉDIA
2006,Ricardo Vanessa,UFMQ0127,Design para Longevidade,5.0,APROVADO
2006,Ricardo Vanessa,MKUB0718,Design de Mobiliario,9.0,APROVADO POR MÉDIA
2006,Ricardo Vanessa,BKII1063,Design de Visualizacao de Informacoes,,REPROVADO POR FALTA
2006,Ricardo Vanessa,RJYZ5864,Identidade Visual,5.0,APROVADO
2007,Ricardo Vanessa,OCRQ3517,Storytelling Visual,7.0,APROVADO POR MÉDIA
2007,Ricardo Vanessa,RJGL2456,Design Colaborativo,,REPROVADO POR FALTA
2007,Ricardo Vanessa,JGDZ1333,Gamificacao,,REPROVADO POR FALTA
2007,Ricardo Vanessa,BKII1063,Design de Visualizacao de Informacoes,0.0,REPROVADO
2007,Ricardo Vanessa,RJGL2456,Design Colaborativo,2.5,REPROVADO
2007,Ricardo Vanessa,BKII1063,Design de Visualizacao de Informacoes,,REPROVADO POR FALTA
2007,Ricardo Vanessa,MXMO8868,Cultura Visual,7.0,APROVADO POR MÉDIA
2007,Ricardo Vanessa,BLDG0260,Design de Joias,3.47,REPROVADO
2007,Ricardo Vanessa,AAZN5771,Ergonomia,,REPROVADO POR FALTA
2007,Ricardo Vanessa,UXMU2899,Interacao Tangivel,,APROVADO POR FREQÜÊNCIA
2007,Ricardo Vanessa,KAWV5083,Branding,7.5,APROVADO POR MÉDIA
2008,Ricardo Vanessa,RJGL2456,Design Colaborativo,1.0,REPROVADO
2008,Ricardo Vanessa,UCTK5222,Design de Realidade Aumentada (AR) e Virtual (VR),,REPROVADO POR FALTA
2008,Ricardo Vanessa,TPYC6338,Design Thinking,4.25,REPROVADO
2008,Ricardo Vanessa,BLDG0260,Design de Joias,5.03,APROVADO
2008,Ricardo Vanessa,LERH6635,Design de Produto,7.0,APROVADO POR MÉDIA
2008,Ricardo Vanessa,COOQ5695,Design de Interacao em Tempo Real,,REPROVADO POR FALTA
2008,Ricardo Vanessa,RJGL2456,Design Colaborativo,,REPROVADO POR FALTA
2008,Ricardo Vanessa,UCTK5222,Design de Realidade Aumentada (AR) e Virtual (VR),,REPROVADO POR FALTA
2008,Ricardo Vanessa,TPYC6338,Design Thinking,,REPROVADO POR FALTA
2008,Ricardo Vanessa,DZNQ4989,Design Cenico,,REPROVADO POR FALTA
2008,Ricardo Vanessa,BKII1063,Design de Visualizacao de Informacoes,,REPROVADO POR FALTA
2008,Ricardo Vanessa,TRQX5862,Etica em Design,,REPROVADO POR FALTA
2009,Ricardo Vanessa,COOQ5695,Design de Interacao em Tempo Real,,REPROVADO POR FALTA
2009,Ricardo Vanessa,RJGL2456,Design Colaborativo,,REPROVADO POR FALTA
2009,Ricardo Vanessa,TPYC6338,Design Thinking,,REPROVADO POR FALTA
2009,Ricardo Vanessa,DZNQ4989,Design Cenico,,REPROVADO POR FALTA
2009,Ricardo Vanessa,BKII1063,Design de Visualizacao de Informacoes,,REPROVADO POR FALTA
2009,Ricardo Vanessa,AAZN5771,Ergonomia,,REPROVADO POR FALTA
2009,Ricardo Vanessa,RRME1020,Design Parametrico,,REPROVADO POR FALTA
2009,Ricardo Vanessa,TRQX5862,Etica em Design,,REPROVADO POR FALTA
2009,Ricardo Vanessa,RJGL2456,Design Colaborativo,,REPROVADO POR FALTA
2009,Ricardo Vanessa,RVMF0745,Design Biomimetico,,REPROVADO POR FALTA
2009,Ricardo Vanessa,BKII1063,Design de Visualizacao de Informacoes,,REPROVADO POR FALTA
2009,Ricardo Vanessa,AAZN5771,Ergonomia,,REPROVADO POR FALTA
2010,Ricardo Vanessa,TPYC6338,Design Thinking,,REPROVADO POR FALTA
ANO,Ricardo Vanessa,CÓDIGO,DISCIPLINA,NOTA FINAL,SITUAÇÃO CONCEITO
2010,Ricardo Vanessa,,DESVINCULADO,,
2007,Diego Marcelo,OCRQ3517,Storytelling Visual,7.5,APROVADO POR MÉDIA
2007,Diego Marcelo,RJGL2456,Design Colaborativo,7.75,APROVADO POR MÉDIA
2007,Diego Marcelo,QBWW6998,Computacao Grafica,9.25,APROVADO POR MÉDIA
2007,Diego Marcelo,UFMQ0127,Design para Longevidade,7.25,APROVADO POR MÉDIA
2007,Diego Marcelo,MKUB0718,Design de Mobiliario,9.0,APROVADO POR MÉDIA
2007,Diego Marcelo,BKII1063,Design de Visualizacao de Informacoes,6.43,APROVADO
2007,Diego Marcelo,RJYZ5864,Identidade Visual,8.25,APROVADO POR MÉDIA
2008,Diego Marcelo,DOMK5241,Design de Aprendizado,5.25,APROVADO
2008,Diego Marcelo,ZULH9584,Projeto Integrado,0.75,REPROVADO
2008,Diego Marcelo,WPUV3332,Design de Tecnologia Vestivel (Wearable),8.75,APROVADO POR MÉDIA
2008,Diego Marcelo,NRYN3294,Design de Interfaces Neuromorficas,,REPROVADO POR FALTA
2008,Diego Marcelo,NRCI1107,Design de Experiencia em Museus,7.0,APROVADO POR MÉDIA
2008,Diego Marcelo,AAZN5771,Ergonomia,7.55,APROVADO
2008,Diego Marcelo,ZULH9584,Projeto Integrado,,REPROVADO POR FALTA
2008,Diego Marcelo,JGDZ1333,Gamificacao,8.0,APROVADO POR MÉDIA
2008,Diego Marcelo,NRYN3294,Design de Interfaces Neuromorficas,5.07,APROVADO
2008,Diego Marcelo,BLDG0260,Design de Joias,7.25,APROVADO POR MÉDIA
2008,Diego Marcelo,KAWV5083,Branding,8.5,APROVADO POR MÉDIA
2009,Diego Marcelo,NGVU3526,Ecodesign,7.5,APROVADO POR MÉDIA
2009,Diego Marcelo,COOQ5695,Design de Interacao em Tempo Real,6.5,APROVADO
2009,Diego Marcelo,UCTK5222,Design de Realidade Aumentada (AR) e Virtual (VR),5.75,APROVADO
2009,Diego Marcelo,ZULH9584,Projeto Integrado,2.5,REPROVADO
2009,Diego Marcelo,TSYB3211,Impressao 3D,,REPROVADO POR FALTA
2009,Diego Marcelo,MXMO8868,Cultura Visual,9.0,APROVADO POR MÉDIA
2009,Diego Marcelo,VOQA5582,Tipografia,7.25,APROVADO POR MÉDIA
2009,Diego Marcelo,RRME1020,Design Parametrico,7.0,APROVADO POR MÉDIA
2009,Diego Marcelo,JJNT2088,Manipulacao de Imagem,8.0,APROVADO POR MÉDIA
2009,Diego Marcelo,ZULH9584,Projeto Integrado,7.0,APROVADO POR MÉDIA
2009,Diego Marcelo,TPYC6338,Design Thinking,6.7,APROVADO
2009,Diego Marcelo,TSYB3211,Impressao 3D,4.25,REPROVADO
2009,Diego Marcelo,UXMU2899,Interacao Tangivel,,APROVADO POR FREQÜÊNCIA
2009,Diego Marcelo,LERH6635,Design de Produto,8.0,APROVADO POR MÉDIA
2009,Diego Marcelo,AOXV5438,Design de Espacos Virtuais,8.4,APROVADO POR MÉDIA
2010,Diego Marcelo,HQDD9963,Design Sonoro,,REPROVADO POR FALTA
2010,Diego Marcelo,TSYB3211,Impressao 3D,9.5,APROVADO POR MÉDIA
2010,Diego Marcelo,RMDE3651,Teoria do Design,,REPROVADO POR FALTA
2010,Diego Marcelo,FZLO1427,Marketing de Produto,8.05,APROVADO POR MÉDIA
2010,Diego Marcelo,TRQX5862,Etica em Design,8.0,APROVADO POR MÉDIA
2010,Diego Marcelo,VFBH8799,Design Cibernetico,9.6,APROVADO POR MÉDIA
2010,Diego Marcelo,BMDH7993,Design de Apresentacoes,8.75,APROVADO POR MÉDIA
2010,Diego Marcelo,JVFQ7338,Design de Interacao Cultural,7.0,APROVADO POR MÉDIA
2010,Diego Marcelo,IENT5068,Design Experimental,8.75,APROVADO POR MÉDIA
2010,Diego Marcelo,DZNQ4989,Design Cenico,8.75,APROVADO POR MÉDIA
2010,Diego Marcelo,RMDE3651,Teoria do Design,,REPROVADO POR FALTA
2010,Diego Marcelo,QVGO0107,Prototipagem em Papel,7.5,APROVADO POR MÉDIA
2010,Diego Marcelo,XERB6119,Gestao de Marcas,9.0,APROVADO POR MÉDIA
ANO,Diego Marcelo,CÓDIGO,DISCIPLINA,NOTA FINAL,SITUAÇÃO CONCEITO
2010,Diego Marcelo,PBCQ5148,Design de Impressao e Publicacao,7.75,APROVADO POR MÉDIA
2011,Diego Marcelo,MAEY1044,Design Computacional,9.85,APROVADO POR MÉDIA
2011,Diego Marcelo,SATJ7970,Design de Narrativa Espacial,7.4,APROVADO POR MÉDIA
2011,Diego Marcelo,RVMF0745,Design Biomimetico,,REPROVADO POR FALTA
2011,Diego Marcelo,LLKP8902,Design Digital,7.9,APROVADO POR MÉDIA
2011,Diego Marcelo,ADMT0013,METODOLOGIA DE PESQUISA,9.5,APROVADO POR MÉDIA
2011,Diego Marcelo,KZBU0327,Design de Interacao Corporal,8.0,APROVADO POR MÉDIA
2011,Diego Marcelo,DQUN5124,Comunicacao Visual,7.0,APROVADO POR MÉDIA
2011,Diego Marcelo,NVRL4030,Materiais e Processos,7.8,APROVADO POR MÉDIA
2011,Diego Marcelo,TOZF3011,SemiÃ³tica,8.65,APROVADO POR MÉDIA
2011,Diego Marcelo,HILN2052,Design de Impacto Social,8.05,APROVADO POR MÉDIA
2011,Diego Marcelo,RVMF0745,Design Biomimetico,,REPROVADO POR FALTA
2011,Diego Marcelo,OJNV9272,Fotografia,8.75,APROVADO POR MÉDIA
2011,Diego Marcelo,TWIP0018,Teoria da Cor,7.5,APROVADO POR MÉDIA
2011,Diego Marcelo,VMGY1151,Design de Interacao Tangivel,9.0,APROVADO POR MÉDIA
2011,Diego Marcelo,LSHL3127,Design de Redes Sociais,8.4,APROVADO POR MÉDIA
2012,Diego Marcelo,RVMF0745,Design Biomimetico,9.0,APROVADO POR MÉDIA
2012,Diego Marcelo,RMDE3651,Teoria do Design,,DISPENSADO
2012,Diego Marcelo,XYOT5349,Tecnicas de Iluminacao,,REPROVADO POR FALTA
2012,Diego Marcelo,XYOT5349,Tecnicas de Iluminacao,10.0,APROVADO POR MÉDIA
2012,Diego Marcelo,,INTEGRALIZADO,,
2012,Diego Marcelo,,FORMADO,,
2007,Eduardo Elisa,OCRQ3517,Storytelling Visual,7.0,APROVADO POR MÉDIA
2007,Eduardo Elisa,RJGL2456,Design Colaborativo,6.5,APROVADO
2007,Eduardo Elisa,QBWW6998,Computacao Grafica,8.5,APROVADO POR MÉDIA
2007,Eduardo Elisa,UFMQ0127,Design para Longevidade,7.5,APROVADO POR MÉDIA
2007,Eduardo Elisa,MKUB0718,Design de Mobiliario,10.0,APROVADO POR MÉDIA
2007,Eduardo Elisa,BKII1063,Design de Visualizacao de Informacoes,8.15,APROVADO POR MÉDIA
2007,Eduardo Elisa,RJYZ5864,Identidade Visual,8.25,APROVADO POR MÉDIA
2008,Eduardo Elisa,DOMK5241,Design de Aprendizado,5.88,APROVADO
2008,Eduardo Elisa,ZULH9584,Projeto Integrado,1.5,REPROVADO
2008,Eduardo Elisa,WPUV3332,Design de Tecnologia Vestivel (Wearable),7.75,APROVADO POR MÉDIA
2008,Eduardo Elisa,NRYN3294,Design de Interfaces Neuromorficas,5.0,APROVADO
2008,Eduardo Elisa,NRCI1107,Design de Experiencia em Museus,7.0,APROVADO POR MÉDIA
2008,Eduardo Elisa,MXMO8868,Cultura Visual,,CANCELADO COM ONUS
2008,Eduardo Elisa,AAZN5771,Ergonomia,7.0,APROVADO POR MÉDIA
2008,Eduardo Elisa,,TRANCAMENTO,,
2010,Eduardo Elisa,,DESVINCULADO,,
2008,Fernando Sophie,OCRQ3517,Storytelling Visual,,REPROVADO POR FALTA
2008,Fernando Sophie,RJGL2456,Design Colaborativo,,REPROVADO POR FALTA
2008,Fernando Sophie,QBWW6998,Computacao Grafica,8.0,APROVADO POR MÉDIA
2008,Fernando Sophie,UFMQ0127,Design para Longevidade,,REPROVADO POR FALTA
2008,Fernando Sophie,MKUB0718,Design de Mobiliario,,REPROVADO POR FALTA
2008,Fernando Sophie,BKII1063,Design de Visualizacao de Informacoes,2.5,REPROVADO
2008,Fernando Sophie,RJYZ5864,Identidade Visual,8.0,APROVADO POR MÉDIA
2008,Fernando Sophie,,DESVINCULADO,,
2006,Leonardo Thales,OCRQ3517,Storytelling Visual,4.5,REPROVADO
2006,Leonardo Thales,RJGL2456,Design Colaborativo,7.0,APROVADO POR MÉDIA
2006,Leonardo Thales,QBWW6998,Computacao Grafica,,REPROVADO POR FALTA
2006,Leonardo Thales,UFMQ0127,Design para Longevidade,5.5,APROVADO
2006,Leonardo Thales,MKUB0718,Design de Mobiliario,9.5,APROVADO POR MÉDIA
2006,Leonardo Thales,BKII1063,Design de Visualizacao de Informacoes,7.0,APROVADO POR MÉDIA
2006,Leonardo Thales,RJYZ5864,Identidade Visual,5.75,APROVADO
2007,Leonardo Thales,DOMK5241,Design de Aprendizado,7.0,APROVADO POR MÉDIA
2007,Leonardo Thales,UCTK5222,Design de Realidade Aumentada (AR) e Virtual (VR),,REPROVADO POR FALTA
2007,Leonardo Thales,ZULH9584,Projeto Integrado,,REPROVADO POR FALTA
2007,Leonardo Thales,NRYN3294,Design de Interfaces Neuromorficas,,REPROVADO POR FALTA
2007,Leonardo Thales,NRCI1107,Design de Experiencia em Museus,7.0,APROVADO POR MÉDIA
2007,Leonardo Thales,AAZN5771,Ergonomia,,REPROVADO POR FALTA
2007,Leonardo Thales,ZULH9584,Projeto Integrado,2.13,REPROVADO
2007,Leonardo Thales,JGDZ1333,Gamificacao,,CANCELADO COM ONUS
2007,Leonardo Thales,NRYN3294,Design de Interfaces Neuromorficas,,REPROVADO POR FALTA
2007,Leonardo Thales,VOQA5582,Tipografia,7.0,APROVADO POR MÉDIA
2007,Leonardo Thales,BLDG0260,Design de Joias,,CANCELADO COM ONUS
2007,Leonardo Thales,KAWV5083,Branding,,CANCELADO COM ONUS
2008,Leonardo Thales,OCRQ3517,Storytelling Visual,,REPROVADO POR FALTA
2008,Leonardo Thales,ZULH9584,Projeto Integrado,,REPROVADO POR FALTA
2008,Leonardo Thales,BMDH7993,Design de Apresentacoes,,CANCELADO COM ONUS
2008,Leonardo Thales,JGDZ1333,Gamificacao,,CANCELADO COM ONUS
2008,Leonardo Thales,NRYN3294,Design de Interfaces Neuromorficas,5.0,APROVADO
2008,Leonardo Thales,MXMO8868,Cultura Visual,7.75,APROVADO POR MÉDIA
2008,Leonardo Thales,BLDG0260,Design de Joias,7.65,APROVADO POR MÉDIA
2008,Leonardo Thales,JJNT2088,Manipulacao de Imagem,,REPROVADO POR FALTA
2008,Leonardo Thales,UCTK5222,Design de Realidade Aumentada (AR) e Virtual (VR),,REPROVADO POR FALTA
2008,Leonardo Thales,ZULH9584,Projeto Integrado,7.0,APROVADO POR MÉDIA
2008,Leonardo Thales,JGDZ1333,Gamificacao,8.75,APROVADO POR MÉDIA
2008,Leonardo Thales,TSYB3211,Impressao 3D,,REPROVADO POR FALTA
2008,Leonardo Thales,UXMU2899,Interacao Tangivel,,REPROVADO POR FALTA
2008,Leonardo Thales,KAWV5083,Branding,7.5,APROVADO POR MÉDIA
2008,Leonardo Thales,AOXV5438,Design de Espacos Virtuais,,REPROVADO POR FALTA
2008,Leonardo Thales,ADMT0015,TEORIA GERAL DA ADMINISTRAÇAO,7.0,APROVADO POR MÉDIA
2010,Leonardo Thales,,DESLIGAMENTO,,
2007,Luciana Yuri,OCRQ3517,Storytelling Visual,8.5,APROVADO POR MÉDIA
2007,Luciana Yuri,RJGL2456,Design Colaborativo,6.3,APROVADO
2007,Luciana Yuri,QBWW6998,Computacao Grafica,8.0,APROVADO POR MÉDIA
2007,Luciana Yuri,UFMQ0127,Design para Longevidade,7.5,APROVADO POR MÉDIA
2007,Luciana Yuri,MKUB0718,Design de Mobiliario,9.25,APROVADO POR MÉDIA
2007,Luciana Yuri,BKII1063,Design de Visualizacao de Informacoes,7.75,APROVADO POR MÉDIA
2007,Luciana Yuri,RJYZ5864,Identidade Visual,7.25,APROVADO POR MÉDIA
2007,Luciana Yuri,DOMK5241,Design de Aprendizado,7.75,APROVADO POR MÉDIA
2007,Luciana Yuri,ZULH9584,Projeto Integrado,5.38,APROVADO
2007,Luciana Yuri,WPUV3332,Design de Tecnologia Vestivel (Wearable),7.0,APROVADO POR MÉDIA
2007,Luciana Yuri,NRYN3294,Design de Interfaces Neuromorficas,7.15,APROVADO POR MÉDIA
2007,Luciana Yuri,NRCI1107,Design de Experiencia em Museus,9.0,APROVADO POR MÉDIA
2007,Luciana Yuri,AAZN5771,Ergonomia,7.45,APROVADO POR MÉDIA
2008,Luciana Yuri,JJNT2088,Manipulacao de Imagem,8.25,APROVADO POR MÉDIA
2008,Luciana Yuri,JGDZ1333,Gamificacao,7.75,APROVADO POR MÉDIA
2008,Luciana Yuri,TSYB3211,Impressao 3D,7.38,APROVADO POR MÉDIA
2008,Luciana Yuri,VOQA5582,Tipografia,8.0,APROVADO POR MÉDIA
2008,Luciana Yuri,BLDG0260,Design de Joias,8.65,APROVADO POR MÉDIA
2008,Luciana Yuri,FZLO1427,Marketing de Produto,7.25,APROVADO POR MÉDIA
2008,Luciana Yuri,KAWV5083,Branding,8.5,APROVADO POR MÉDIA
2008,Luciana Yuri,NGVU3526,Ecodesign,8.5,APROVADO POR MÉDIA
2008,Luciana Yuri,COOQ5695,Design de Interacao em Tempo Real,7.25,APROVADO POR MÉDIA
2008,Luciana Yuri,VFBH8799,Design Cibernetico,8.8,APROVADO POR MÉDIA
2008,Luciana Yuri,JVFQ7338,Design de Interacao Cultural,8.0,APROVADO POR MÉDIA
2008,Luciana Yuri,MXMO8868,Cultura Visual,9.25,APROVADO POR MÉDIA
2008,Luciana Yuri,QVGO0107,Prototipagem em Papel,5.38,APROVADO
2008,Luciana Yuri,LERH6635,Design de Produto,8.0,APROVADO POR MÉDIA
2009,Luciana Yuri,MAEY1044,Design Computacional,7.93,APROVADO POR MÉDIA
2009,Luciana Yuri,UCTK5222,Design de Realidade Aumentada (AR) e Virtual (VR),7.25,APROVADO POR MÉDIA
2009,Luciana Yuri,SATJ7970,Design de Narrativa Espacial,9.1,APROVADO POR MÉDIA
2009,Luciana Yuri,TPYC6338,Design Thinking,5.38,APROVADO
2009,Luciana Yuri,IENT5068,Design Experimental,7.25,APROVADO POR MÉDIA
2009,Luciana Yuri,KZBU0327,Design de Interacao Corporal,9.5,APROVADO POR MÉDIA
2009,Luciana Yuri,AOXV5438,Design de Espacos Virtuais,8.45,APROVADO POR MÉDIA
2009,Luciana Yuri,RRME1020,Design Parametrico,9.1,APROVADO POR MÉDIA
2009,Luciana Yuri,LLKP8902,Design Digital,7.7,APROVADO POR MÉDIA
2009,Luciana Yuri,DZNQ4989,Design Cenico,8.45,APROVADO POR MÉDIA
2009,Luciana Yuri,XERB6119,Gestao de Marcas,10.0,APROVADO POR MÉDIA
2009,Luciana Yuri,UXMU2899,Interacao Tangivel,,APROVADO POR FREQÜÊNCIA
2009,Luciana Yuri,TRQX5862,Etica em Design,8.5,APROVADO POR MÉDIA
2009,Luciana Yuri,VNBQ5535,Design de Moda,7.3,APROVADO POR MÉDIA
2010,Luciana Yuri,BMDH7993,Design de Apresentacoes,8.0,APROVADO POR MÉDIA
2010,Luciana Yuri,RVMF0745,Design Biomimetico,8.6,APROVADO POR MÉDIA
2010,Luciana Yuri,TWIP0018,Teoria da Cor,8.25,APROVADO POR MÉDIA
2010,Luciana Yuri,RMDE3651,Teoria do Design,9.5,APROVADO POR MÉDIA
2010,Luciana Yuri,DQUN5124,Comunicacao Visual,7.75,APROVADO POR MÉDIA
ANO,Luciana Yuri,CÓDIGO,DISCIPLINA,NOTA FINAL,SITUAÇÃO CONCEITO
2010,Luciana Yuri,NVRL4030,Materiais e Processos,8.0,APROVADO POR MÉDIA
2010,Luciana Yuri,LSHL3127,Design de Redes Sociais,7.65,APROVADO
2010,Luciana Yuri,PBCQ5148,Design de Impressao e Publicacao,7.0,APROVADO POR MÉDIA
2010,Luciana Yuri,TOZF3011,SemiÃ³tica,7.75,APROVADO POR MÉDIA
2010,Luciana Yuri,HQDD9963,Design Sonoro,6.13,APROVADO
2010,Luciana Yuri,VMGY1151,Design de Interacao Tangivel,10.0,APROVADO POR MÉDIA
2010,Luciana Yuri,XYOT5349,Tecnicas de Iluminacao,10.0,APROVADO POR MÉDIA
2010,Luciana Yuri,,INTEGRALIZADO,,
2010,Luciana Yuri,,FORMADO,,
2022,Catarina Julia,VOEO3500,"Fabricacao Digital
DOCENTE(S): Pedro Oliveira",9.25,APROVADO POR MÉDIA
2022,Catarina Julia,FXNL8248,"Design de Mobiliario Urbano
DOCENTE(S): Marcos Ferreira",10.0,APROVADO POR MÉDIA
2022,Catarina Julia,LRHU3100,"Principios de Design
DOCENTE(S): Patricia Nunes",9.5,APROVADO POR MÉDIA
2022,Catarina Julia,WEYQ3918,"Design de Embalagens
DOCENTE(S): Carla Souza",10.0,APROVADO POR MÉDIA
2022,Catarina Julia,HQNZ9122,"Design Editorial
DOCENTE(S): Gustavo Martins",9.5,APROVADO POR MÉDIA
2022,Catarina Julia,IJXL5321,"Design de Intervencao
DOCENTE(S): Joao Silva",8.95,APROVADO POR MÉDIA
2022,Catarina Julia,WSKA4167,"Design Sustentavel
DOCENTE(S): Joao Silva",,REPROVADO POR FALTA
2022,Catarina Julia,SDBY9901,"Visualizacao de Dados
DOCENTE(S): Andre Almeida",,REPROVADO POR FALTA
2022,Catarina Julia,PJRH2988,"Design de Interacao Emocional
DOCENTE(S): Pedro Oliveira",,REPROVADO POR FALTA
2022,Catarina Julia,JKVZ3462,"Design Estrategico
DOCENTE(S): Carla Souza",,REPROVADO POR FALTA
2022,Catarina Julia,OVBZ5505,"Design de Acessibilidade
DOCENTE(S): Carla Souza",,REPROVADO POR FALTA
2022,Catarina Julia,ZAIU7922,"Design de Instrumentos Musicais
DOCENTE(S): Andre Almeida",,REPROVADO POR FALTA
2023,Catarina Julia,COOQ5695,"Design de Interacao em Tempo Real
DOCENTE(S): Pedro Oliveira",9.0,APROVADO POR MÉDIA
2023,Catarina Julia,IFDE0732,"Design Generativo
DOCENTE(S): Larissa Vieira",9.0,APROVADO POR MÉDIA
2023,Catarina Julia,IPKL2289,"Design Participativo
DOCENTE(S): Larissa Vieira",9.35,APROVADO POR MÉDIA
2023,Catarina Julia,VDQT9946,"Pesquisa em Design
DOCENTE(S): Marcos Ferreira",10.0,APROVADO POR MÉDIA
2023,Catarina Julia,NPRM1263,"Criacao de Personagens
DOCENTE(S): Juliana Rodrigues",9.75,APROVADO POR MÉDIA
2012,Caua Evelyn,OCRQ3517,Storytelling Visual,5.0,APROVADO
2012,Caua Evelyn,RJGL2456,Design Colaborativo,3.55,REPROVADO
2012,Caua Evelyn,QBWW6998,Computacao Grafica,9.05,APROVADO POR MÉDIA
2012,Caua Evelyn,UFMQ0127,Design para Longevidade,8.5,APROVADO POR MÉDIA
2012,Caua Evelyn,MKUB0718,Design de Mobiliario,,APROVADO POR FREQÜÊNCIA
2012,Caua Evelyn,BKII1063,Design de Visualizacao de Informacoes,6.5,APROVADO
2012,Caua Evelyn,RJYZ5864,Identidade Visual,8.9,APROVADO POR MÉDIA
2012,Caua Evelyn,RJGL2456,Design Colaborativo,6.5,APROVADO
2012,Caua Evelyn,JGDZ1333,Gamificacao,7.75,APROVADO POR MÉDIA
2012,Caua Evelyn,NRYN3294,Design de Interfaces Neuromorficas,5.05,APROVADO
2012,Caua Evelyn,NRCI1107,Design de Experiencia em Museus,,REPROVADO POR FALTA
2012,Caua Evelyn,BLDG0260,Design de Joias,5.03,APROVADO
2012,Caua Evelyn,AAZN5771,Ergonomia,7.75,APROVADO POR MÉDIA
2013,Caua Evelyn,DOMK5241,Design de Aprendizado,5.53,APROVADO
2013,Caua Evelyn,JJNT2088,Manipulacao de Imagem,3.9,REPROVADO
2013,Caua Evelyn,ZULH9584,Projeto Integrado,,REPROVADO POR FALTA
2013,Caua Evelyn,WPUV3332,Design de Tecnologia Vestivel (Wearable),8.75,APROVADO POR MÉDIA
2013,Caua Evelyn,TSYB3211,Impressao 3D,,REPROVADO POR FALTA
2013,Caua Evelyn,NRCI1107,Design de Experiencia em Museus,5.13,APROVADO
2013,Caua Evelyn,KAWV5083,Branding,5.13,APROVADO
2013,Caua Evelyn,NGVU3526,Ecodesign,8.5,APROVADO POR MÉDIA
2013,Caua Evelyn,COOQ5695,Design de Interacao em Tempo Real,,REPROVADO POR FALTA
2013,Caua Evelyn,JJNT2088,Manipulacao de Imagem,3.3,REPROVADO
2013,Caua Evelyn,ZULH9584,Projeto Integrado,2.72,REPROVADO
2013,Caua Evelyn,TSYB3211,Impressao 3D,5.13,APROVADO
2013,Caua Evelyn,VOQA5582,Tipografia,2.7,REPROVADO
2013,Caua Evelyn,LERH6635,Design de Produto,,REPROVADO POR FALTA
2014,Caua Evelyn,COOQ5695,Design de Interacao em Tempo Real,8.85,APROVADO POR MÉDIA
2014,Caua Evelyn,VFBH8799,Design Cibernetico,7.1,APROVADO
2014,Caua Evelyn,JJNT2088,Manipulacao de Imagem,4.05,REPROVADO
2014,Caua Evelyn,ZULH9584,Projeto Integrado,3.7,REPROVADO
2014,Caua Evelyn,JVFQ7338,Design de Interacao Cultural,7.0,APROVADO POR MÉDIA
2014,Caua Evelyn,TPYC6338,Design Thinking,7.0,APROVADO POR MÉDIA
2014,Caua Evelyn,MXMO8868,Cultura Visual,9.5,APROVADO POR MÉDIA
2014,Caua Evelyn,VOQA5582,Tipografia,3.38,REPROVADO
2014,Caua Evelyn,LERH6635,Design de Produto,8.55,APROVADO POR MÉDIA
2014,Caua Evelyn,RRME1020,Design Parametrico,7.75,APROVADO POR MÉDIA
2014,Caua Evelyn,MAEY1044,Design Computacional,1.75,REPROVADO
2014,Caua Evelyn,JJNT2088,Manipulacao de Imagem,,REPROVADO POR FALTA
2014,Caua Evelyn,UCTK5222,Design de Realidade Aumentada (AR) e Virtual (VR),,REPROVADO POR FALTA
2014,Caua Evelyn,ZULH9584,Projeto Integrado,5.82,APROVADO
2014,Caua Evelyn,DZNQ4989,Design Cenico,6.88,APROVADO
2014,Caua Evelyn,QVGO0107,Prototipagem em Papel,,REPROVADO POR FALTA
2014,Caua Evelyn,UXMU2899,Interacao Tangivel,8.0,APROVADO POR MÉDIA
2014,Caua Evelyn,AOXV5438,Design de Espacos Virtuais,,REPROVADO POR FALTA
2015,Caua Evelyn,HILN2052,Design de Impacto Social,,REPROVADO POR FALTA
ANO,Caua Evelyn,CÓDIGO,DISCIPLINA,NOTA FINAL,SITUAÇÃO CONCEITO
2015,Caua Evelyn,RVMF0745,Design Biomimetico,9.5,APROVADO POR MÉDIA
2015,Caua Evelyn,QVGO0107,Prototipagem em Papel,,REPROVADO POR FALTA
2015,Caua Evelyn,FZLO1427,Marketing de Produto,,REPROVADO POR FALTA
2015,Caua Evelyn,TRQX5862,Etica em Design,7.5,APROVADO POR MÉDIA
2015,Caua Evelyn,,DESVINCULADO,,
2016,Caua Evelyn,,REINTEGRAÇÃO,,
2016,Caua Evelyn,MAEY1044,Design Computacional,,REPROVADO POR FALTA
2016,Caua Evelyn,RMDE3651,Teoria do Design,,REPROVADO POR FALTA
2016,Caua Evelyn,FZLO1427,Marketing de Produto,,REPROVADO POR FALTA
2016,Caua Evelyn,TOZF3011,SemiÃ³tica,,REPROVADO POR FALTA
2016,Caua Evelyn,QVGO0107,Prototipagem em Papel,,REPROVADO POR FALTA
2017,Caua Evelyn,,DESLIGAMENTO,,
