ano,nome,codigo,disciplina,nota,situacao
2020,Gabriel Enzo,DOMK5241,Design de Aprendizado,,DISPENSADO
2012,Gabriel Enzo,OCRQ3517,Storytelling Visual,3.91,REPROVADO
2012,Gabriel Enzo,RJGL2456,Design Colaborativo,1.85,REPROVADO
2012,Gabriel Enzo,QBWW6998,Computacao Grafica,7.53,APROVADO
2012,Gabriel Enzo,UFMQ0127,Design para Longevidade,7.5,APROVADO POR MÉDIA
2012,Gabriel Enzo,MKUB0718,Design de Mobiliario,,APROVADO POR FREQÜÊNCIA
2012,Gabriel Enzo,BKII1063,Design de Visualizacao de Informacoes,7.0,APROVADO POR MÉDIA
2012,Gabriel Enzo,RJYZ5864,Identidade Visual,7.25,APROVADO POR MÉDIA
2013,Gabriel Enzo,OCRQ3517,Storytelling Visual,5.0,APROVADO
2013,Gabriel Enzo,RJGL2456,Design Colaborativo,3.97,REPROVADO
2013,Gabriel Enzo,JGDZ1333,Gamificacao,7.75,APROVADO POR MÉDIA
2013,Gabriel Enzo,NRYN3294,Design de Interfaces Neuromorficas,6.5,APROVADO
2013,Gabriel Enzo,NRCI1107,Design de Experiencia em Museus,5.75,APROVADO
2013,Gabriel Enzo,MXMO8868,Cultura Visual,7.0,APROVADO POR MÉDIA
2013,Gabriel Enzo,AAZN5771,Ergonomia,5.0,APROVADO
2013,Gabriel Enzo,RJGL2456,Design Colaborativo,6.18,APROVADO
2013,Gabriel Enzo,BMDH7993,Design de Apresentacoes,7.0,APROVADO POR MÉDIA
2013,Gabriel Enzo,TPYC6338,Design Thinking,7.0,APROVADO POR MÉDIA
2013,Gabriel Enzo,TSYB3211,Impressao 3D,,REPROVADO POR FALTA
2013,Gabriel Enzo,VOQA5582,Tipografia,2.15,REPROVADO
2013,Gabriel Enzo,BLDG0260,Design de Joias,,REPROVADO POR FALTA
2013,Gabriel Enzo,KAWV5083,Branding,5.0,APROVADO
2014,Gabriel Enzo,JJNT2088,Manipulacao de Imagem,,REPROVADO POR FALTA
2014,Gabriel Enzo,ZULH9584,Projeto Integrado,,REPROVADO POR FALTA
2014,Gabriel Enzo,WPUV3332,Design de Tecnologia Vestivel (Wearable),7.0,APROVADO POR MÉDIA
2014,Gabriel Enzo,TSYB3211,Impressao 3D,7.5,APROVADO POR MÉDIA
2014,Gabriel Enzo,BLDG0260,Design de Joias,4.03,REPROVADO
2014,Gabriel Enzo,NGVU3526,Ecodesign,7.0,APROVADO POR MÉDIA
2014,Gabriel Enzo,DOMK5241,Design de Aprendizado,,REPROVADO POR FALTA
2014,Gabriel Enzo,JJNT2088,Manipulacao de Imagem,,REPROVADO POR FALTA
2014,Gabriel Enzo,ZULH9584,Projeto Integrado,,REPROVADO POR FALTA
2014,Gabriel Enzo,JVFQ7338,Design de Interacao Cultural,2.5,REPROVADO
2014,Gabriel Enzo,BLDG0260,Design de Joias,2.8,REPROVADO
2014,Gabriel Enzo,QVGO0107,Prototipagem em Papel,7.5,APROVADO POR MÉDIA
2015,Gabriel Enzo,VFBH8799,Design Cibernetico,6.38,APROVADO
2015,Gabriel Enzo,SATJ7970,Design de Narrativa Espacial,9.0,APROVADO POR MÉDIA
2015,Gabriel Enzo,JVFQ7338,Design de Interacao Cultural,5.13,APROVADO
2015,Gabriel Enzo,LLKP8902,Design Digital,8.5,APROVADO POR MÉDIA
2015,Gabriel Enzo,BLDG0260,Design de Joias,5.13,APROVADO
2015,Gabriel Enzo,LERH6635,Design de Produto,7.75,APROVADO POR MÉDIA
2015,Gabriel Enzo,DOMK5241,Design de Aprendizado,,REPROVADO POR FALTA
2015,Gabriel Enzo,COOQ5695,Design de Interacao em Tempo Real,5.38,APROVADO
2015,Gabriel Enzo,MAEY1044,Design Computacional,,REPROVADO POR FALTA
2015,Gabriel Enzo,ZULH9584,Projeto Integrado,3.8,REPROVADO
2015,Gabriel Enzo,TWIP0018,Teoria da Cor,8.0,APROVADO POR MÉDIA
ANO,Gabriel Enzo,CÓDIGO,DISCIPLINA,NOTA FINAL,SITUAÇÃO CONCEITO
2015,Gabriel Enzo,DZNQ4989,Design Cenico,,REPROVADO POR FALTA
2015,Gabriel Enzo,VNBQ5535,Design de Moda,8.5,APROVADO POR MÉDIA
2016,Gabriel Enzo,MAEY1044,Design Computacional,,REPROVADO POR FALTA
2016,Gabriel Enzo,RMDE3651,Teoria do Design,,REPROVADO POR FALTA
2016,Gabriel Enzo,UXMU2899,Interacao Tangivel,7.0,APROVADO POR MÉDIA
2016,Gabriel Enzo,VMGY1151,Design de Interacao Tangivel,,REPROVADO POR FALTA
2016,Gabriel Enzo,RRME1020,Design Parametrico,,REPROVADO POR FALTA
2016,Gabriel Enzo,TOZF3011,SemiÃ³tica,,REPROVADO POR FALTA
2016,Gabriel Enzo,JJNT2088,Manipulacao de Imagem,,REPROVADO POR FALTA
2016,Gabriel Enzo,ZULH9584,Projeto Integrado,,REPROVADO POR FALTA
2016,Gabriel Enzo,RMDE3651,Teoria do Design,,REPROVADO POR FALTA
2016,Gabriel Enzo,TRQX5862,Etica em Design,8.0,APROVADO POR MÉDIA
2017,Gabriel Enzo,HQDD9963,Design Sonoro,5.75,APROVADO
2017,Gabriel Enzo,VOQA5582,Tipografia,,REPROVADO POR FALTA
2017,Gabriel Enzo,KZBU0327,Design de Interacao Corporal,,REPROVADO POR FALTA
2017,Gabriel Enzo,RRME1020,Design Parametrico,,REPROVADO POR FALTA
2017,Gabriel Enzo,TOZF3011,SemiÃ³tica,7.0,APROVADO POR MÉDIA
2017,Gabriel Enzo,UCTK5222,Design de Realidade Aumentada (AR) e Virtual (VR),7.0,APROVADO POR MÉDIA
2017,Gabriel Enzo,ZULH9584,Projeto Integrado,5.97,APROVADO
2017,Gabriel Enzo,VMGY1151,Design de Interacao Tangivel,5.2,APROVADO
2017,Gabriel Enzo,PBCQ5148,Design de Impressao e Publicacao,,REPROVADO POR FALTA
2018,Gabriel Enzo,MAEY1044,"Design Computacional
DOCENTE(S): Maria Santos",,REPROVADO POR FALTA
2018,Gabriel Enzo,JJNT2088,Manipulacao de Imagem,,REPROVADO POR FALTA
2018,Gabriel Enzo,FZLO1427,"Marketing de Produto
DOCENTE(S): Carla Souza",5.86,APROVADO
2018,Gabriel Enzo,KZBU0327,Design de Interacao Corporal,7.0,APROVADO POR MÉDIA
2018,Gabriel Enzo,RRME1020,"Design Parametrico
DOCENTE(S): Juliana Rodrigues",5.0,APROVADO
2018,Gabriel Enzo,DZNQ4989,"Design Cenico
DOCENTE(S): Ana Costa",,REPROVADO POR FALTA
2018,Gabriel Enzo,RMDE3651,"Teoria do Design
DOCENTE(S): Marcos Ferreira",5.88,APROVADO
2018,Gabriel Enzo,XERB6119,"Gestao de Marcas
DOCENTE(S): Maria Santos",7.0,APROVADO POR MÉDIA
2018,Gabriel Enzo,PBCQ5148,"Design de Impressao e Publicacao
DOCENTE(S): Gustavo Martins",7.41,APROVADO POR MÉDIA
2019,Gabriel Enzo,MAEY1044,"Design Computacional
DOCENTE(S): Maria Santos",5.63,APROVADO
2019,Gabriel Enzo,IENT5068,"Design Experimental
DOCENTE(S): Rafaela Gomes",7.0,APROVADO POR MÉDIA
2019,Gabriel Enzo,VOQA5582,"Tipografia
DOCENTE(S): Joao Silva",3.35,REPROVADO
2019,Gabriel Enzo,DQUN5124,"Comunicacao Visual
DOCENTE(S): Luiz Pereira",7.5,APROVADO POR MÉDIA
2019,Gabriel Enzo,LSHL3127,"Design de Redes Sociais
DOCENTE(S): Larissa Vieira",5.63,APROVADO
2019,Gabriel Enzo,AOXV5438,"Design de Espacos Virtuais
DOCENTE(S): Pedro Oliveira",9.75,APROVADO POR MÉDIA
2019,Gabriel Enzo,DOMK5241,"Design de Aprendizado
DOCENTE(S): Ana Costa",3.88,REPROVADO
ANO,Gabriel Enzo,CÓDIGO,DISCIPLINA,NOTA FINAL,SITUAÇÃO CONCEITO
2019,Gabriel Enzo,RVMF0745,"Design Biomimetico
DOCENTE(S): Carla Souza",,RENOVAÇÃO DE ESTÁGIO
2019,Gabriel Enzo,DZNQ4989,"Design Cenico
DOCENTE(S): Ana Costa",6.59,APROVADO
2019,Gabriel Enzo,WWGS2880,"Design de Realidade Hibrida
DOCENTE(S): Pedro Oliveira",7.0,APROVADO POR MÉDIA
2019,Gabriel Enzo,XYOT5349,"Tecnicas de Iluminacao
DOCENTE(S): Gustavo Martins",9.0,APROVADO POR MÉDIA
2020,Gabriel Enzo,JJNT2088,"Manipulacao de Imagem
DOCENTE(S): Diego Cardoso",9.85,APROVADO POR MÉDIA
2020,Gabriel Enzo,RVMF0745,"Design Biomimetico
DOCENTE(S): Carla Souza",9.0,APROVADO POR MÉDIA
2020,Gabriel Enzo,VOQA5582,"Tipografia
DOCENTE(S): Joao Silva",8.75,APROVADO POR MÉDIA
2020,Gabriel Enzo,,INTEGRALIZADO,,
2020,Gabriel Enzo,,FORMADO,,
2009,Juliana Luca,OCRQ3517,Storytelling Visual,8.9,APROVADO POR MÉDIA
2009,Juliana Luca,RJGL2456,Design Colaborativo,5.3,APROVADO
2009,Juliana Luca,QBWW6998,Computacao Grafica,9.5,APROVADO POR MÉDIA
2009,Juliana Luca,UFMQ0127,Design para Longevidade,7.5,APROVADO POR MÉDIA
2009,Juliana Luca,MKUB0718,Design de Mobiliario,,APROVADO POR FREQÜÊNCIA
2009,Juliana Luca,BKII1063,Design de Visualizacao de Informacoes,,REPROVADO POR FALTA
2009,Juliana Luca,RJYZ5864,Identidade Visual,8.25,APROVADO POR MÉDIA
2009,Juliana Luca,DOMK5241,Design de Aprendizado,,REPROVADO POR FALTA
2009,Juliana Luca,ZULH9584,Projeto Integrado,,REPROVADO POR FALTA
2009,Juliana Luca,WPUV3332,Design de Tecnologia Vestivel (Wearable),7.35,APROVADO POR MÉDIA
2009,Juliana Luca,JGDZ1333,Gamificacao,8.25,APROVADO POR MÉDIA
2009,Juliana Luca,BKII1063,Design de Visualizacao de Informacoes,,REPROVADO POR FALTA
2009,Juliana Luca,MXMO8868,Cultura Visual,9.75,APROVADO POR MÉDIA
2009,Juliana Luca,AAZN5771,Ergonomia,,REPROVADO POR FALTA
2010,Juliana Luca,DOMK5241,Design de Aprendizado,,REPROVADO POR FALTA
2010,Juliana Luca,ZULH9584,Projeto Integrado,,REPROVADO POR FALTA
2010,Juliana Luca,BKII1063,Design de Visualizacao de Informacoes,,REPROVADO POR FALTA
2010,Juliana Luca,AAZN5771,Ergonomia,,REPROVADO POR FALTA
2010,Juliana Luca,NGVU3526,Ecodesign,9.75,APROVADO POR MÉDIA
2010,Juliana Luca,UCTK5222,Design de Realidade Aumentada (AR) e Virtual (VR),,REPROVADO POR FALTA
2010,Juliana Luca,TPYC6338,Design Thinking,9.0,APROVADO POR MÉDIA
2011,Juliana Luca,UCTK5222,Design de Realidade Aumentada (AR) e Virtual (VR),,REPROVADO POR FALTA
2011,Juliana Luca,BLDG0260,Design de Joias,,REPROVADO POR FALTA
2011,Juliana Luca,KAWV5083,Branding,,REPROVADO POR FALTA
2012,Juliana Luca,BMDH7993,Design de Apresentacoes,,REPROVADO POR FALTA
2012,Juliana Luca,,DESVINCULADO,,
2006,Lara Joao,OCRQ3517,Storytelling Visual,9.25,APROVADO POR MÉDIA
2006,Lara Joao,RJGL2456,Design Colaborativo,8.1,APROVADO POR MÉDIA
2006,Lara Joao,QBWW6998,Computacao Grafica,8.0,APROVADO POR MÉDIA
2006,Lara Joao,UFMQ0127,Design para Longevidade,5.75,APROVADO
2006,Lara Joao,MKUB0718,Design de Mobiliario,10.0,APROVADO POR MÉDIA
2006,Lara Joao,BKII1063,Design de Visualizacao de Informacoes,8.0,APROVADO POR MÉDIA
2006,Lara Joao,RJYZ5864,Identidade Visual,8.0,APROVADO POR MÉDIA
2007,Lara Joao,DOMK5241,Design de Aprendizado,8.0,APROVADO POR MÉDIA
2007,Lara Joao,ZULH9584,Projeto Integrado,4.02,REPROVADO
2007,Lara Joao,WPUV3332,Design de Tecnologia Vestivel (Wearable),9.13,APROVADO POR MÉDIA
2007,Lara Joao,NRYN3294,Design de Interfaces Neuromorficas,8.0,APROVADO POR MÉDIA
2007,Lara Joao,NRCI1107,Design de Experiencia em Museus,10.0,APROVADO POR MÉDIA
2007,Lara Joao,AAZN5771,Ergonomia,8.1,APROVADO POR MÉDIA
2007,Lara Joao,NGVU3526,Ecodesign,8.9,APROVADO POR MÉDIA
2007,Lara Joao,JJNT2088,Manipulacao de Imagem,7.25,APROVADO POR MÉDIA
2007,Lara Joao,ZULH9584,Projeto Integrado,6.88,APROVADO
2007,Lara Joao,TPYC6338,Design Thinking,7.75,APROVADO POR MÉDIA
2007,Lara Joao,TSYB3211,Impressao 3D,6.0,APROVADO
2007,Lara Joao,VOQA5582,Tipografia,8.5,APROVADO POR MÉDIA
2007,Lara Joao,BLDG0260,Design de Joias,7.5,APROVADO POR MÉDIA
2008,Lara Joao,COOQ5695,Design de Interacao em Tempo Real,,CANCELADO COM ONUS
2008,Lara Joao,VFBH8799,Design Cibernetico,9.0,APROVADO POR MÉDIA
2008,Lara Joao,UCTK5222,Design de Realidade Aumentada (AR) e Virtual (VR),7.17,APROVADO POR MÉDIA
2008,Lara Joao,JVFQ7338,Design de Interacao Cultural,7.75,APROVADO POR MÉDIA
2008,Lara Joao,JGDZ1333,Gamificacao,,CANCELADO COM ONUS
2008,Lara Joao,QVGO0107,Prototipagem em Papel,7.65,APROVADO POR MÉDIA
2008,Lara Joao,FZLO1427,Marketing de Produto,8.15,APROVADO POR MÉDIA
2008,Lara Joao,UXMU2899,Interacao Tangivel,,APROVADO POR FREQÜÊNCIA
2008,Lara Joao,MAEY1044,Design Computacional,7.85,APROVADO POR MÉDIA
2008,Lara Joao,SATJ7970,Design de Narrativa Espacial,8.2,APROVADO POR MÉDIA
2008,Lara Joao,IENT5068,Design Experimental,8.5,APROVADO POR MÉDIA
2008,Lara Joao,KZBU0327,Design de Interacao Corporal,9.0,APROVADO POR MÉDIA
2008,Lara Joao,KAWV5083,Branding,9.5,APROVADO POR MÉDIA
2008,Lara Joao,AOXV5438,Design de Espacos Virtuais,8.4,APROVADO POR MÉDIA
2009,Lara Joao,COOQ5695,Design de Interacao em Tempo Real,8.35,APROVADO POR MÉDIA
2009,Lara Joao,RVMF0745,Design Biomimetico,8.5,APROVADO POR MÉDIA
2009,Lara Joao,LLKP8902,Design Digital,8.8,APROVADO POR MÉDIA
2009,Lara Joao,JGDZ1333,Gamificacao,8.5,APROVADO POR MÉDIA
2009,Lara Joao,MXMO8868,Cultura Visual,7.25,APROVADO POR MÉDIA
2009,Lara Joao,RMDE3651,Teoria do Design,8.75,APROVADO POR MÉDIA
2009,Lara Joao,XERB6119,Gestao de Marcas,8.0,APROVADO POR MÉDIA
2009,Lara Joao,LERH6635,Design de Produto,9.05,APROVADO POR MÉDIA
2009,Lara Joao,RRME1020,Design Parametrico,7.5,APROVADO POR MÉDIA
2009,Lara Joao,VNBQ5535,Design de Moda,5.3,APROVADO
2009,Lara Joao,TOZF3011,SemiÃ³tica,9.0,APROVADO POR MÉDIA
2009,Lara Joao,HQDD9963,Design Sonoro,7.0,APROVADO POR MÉDIA
ANO,Lara Joao,CÓDIGO,DISCIPLINA,NOTA FINAL,SITUAÇÃO CONCEITO
2009,Lara Joao,BMDH7993,Design de Apresentacoes,8.75,APROVADO POR MÉDIA
2009,Lara Joao,TWIP0018,Teoria da Cor,8.25,APROVADO POR MÉDIA
2009,Lara Joao,DZNQ4989,Design Cenico,8.65,APROVADO POR MÉDIA
2009,Lara Joao,DQUN5124,Comunicacao Visual,10.0,APROVADO POR MÉDIA
2009,Lara Joao,LSHL3127,Design de Redes Sociais,9.32,APROVADO POR MÉDIA
2009,Lara Joao,TRQX5862,Etica em Design,7.25,APROVADO POR MÉDIA
2010,Lara Joao,OJNV9272,Fotografia,7.72,APROVADO POR MÉDIA
2010,Lara Joao,NVRL4030,Materiais e Processos,8.5,APROVADO POR MÉDIA
2010,Lara Joao,VMGY1151,Design de Interacao Tangivel,9.0,APROVADO POR MÉDIA
2010,Lara Joao,XYOT5349,Tecnicas de Iluminacao,8.0,APROVADO POR MÉDIA
2010,Lara Joao,,INTEGRALIZADO,,
2010,Lara Joao,,FORMADO,,
2020,Luciana Luca,OCRQ3517,"Storytelling Visual
DOCENTE(S): Maria Santos",,REPROVADO POR FALTA
2020,Luciana Luca,RJGL2456,"Design Colaborativo
DOCENTE(S): Fernanda Lima",,REPROVADO POR FALTA
2020,Luciana Luca,QBWW6998,"Computacao Grafica
DOCENTE(S): Marcos Ferreira",,REPROVADO POR FALTA
2020,Luciana Luca,UFMQ0127,"Design para Longevidade
DOCENTE(S): Marcos Ferreira",,REPROVADO POR FALTA
2020,Luciana Luca,MKUB0718,"Design de Mobiliario
DOCENTE(S): Fernanda Lima",,REPROVADO POR FALTA
2020,Luciana Luca,BKII1063,"Design de Visualizacao de Informacoes
DOCENTE(S): Andre Almeida",,REPROVADO POR FALTA
2020,Luciana Luca,RJYZ5864,"Identidade Visual
DOCENTE(S): Joao Silva",,REPROVADO POR FALTA
2020,Luciana Luca,,DESVINCULADO,,
2007,Melissa Gustavo,OCRQ3517,Storytelling Visual,,REPROVADO POR FALTA
2007,Melissa Gustavo,RJGL2456,Design Colaborativo,,REPROVADO POR FALTA
2007,Melissa Gustavo,QBWW6998,Computacao Grafica,,REPROVADO POR FALTA
2007,Melissa Gustavo,UFMQ0127,Design para Longevidade,,REPROVADO POR FALTA
2007,Melissa Gustavo,MKUB0718,Design de Mobiliario,8.25,APROVADO POR MÉDIA
2007,Melissa Gustavo,BKII1063,Design de Visualizacao de Informacoes,,REPROVADO POR FALTA
2007,Melissa Gustavo,RJYZ5864,Identidade Visual,,REPROVADO POR FALTA
2007,Melissa Gustavo,OCRQ3517,Storytelling Visual,5.13,APROVADO
2007,Melissa Gustavo,RJGL2456,Design Colaborativo,5.0,APROVADO
2007,Melissa Gustavo,QBWW6998,Computacao Grafica,9.0,APROVADO POR MÉDIA
2007,Melissa Gustavo,UFMQ0127,Design para Longevidade,5.5,APROVADO
2007,Melissa Gustavo,BKII1063,Design de Visualizacao de Informacoes,7.0,APROVADO POR MÉDIA
2007,Melissa Gustavo,RJYZ5864,Identidade Visual,7.45,APROVADO POR MÉDIA
2008,Melissa Gustavo,DOMK5241,Design de Aprendizado,,REPROVADO POR FALTA
2008,Melissa Gustavo,ZULH9584,Projeto Integrado,,REPROVADO POR FALTA
2008,Melissa Gustavo,WPUV3332,Design de Tecnologia Vestivel (Wearable),,REPROVADO POR FALTA
2008,Melissa Gustavo,NRYN3294,Design de Interfaces Neuromorficas,,REPROVADO POR FALTA
2008,Melissa Gustavo,NRCI1107,Design de Experiencia em Museus,2.75,REPROVADO
2008,Melissa Gustavo,AAZN5771,Ergonomia,,REPROVADO POR FALTA
2008,Melissa Gustavo,,TRANCAMENTO,,
2010,Melissa Gustavo,,DESVINCULADO,,
2010,Diego Vitoria,OCRQ3517,Storytelling Visual,3.7,REPROVADO
2010,Diego Vitoria,RJGL2456,Design Colaborativo,,REPROVADO POR FALTA
2010,Diego Vitoria,QBWW6998,Computacao Grafica,5.22,APROVADO
2010,Diego Vitoria,UFMQ0127,Design para Longevidade,2.5,REPROVADO
2010,Diego Vitoria,MKUB0718,Design de Mobiliario,,APROVADO POR FREQÜÊNCIA
2010,Diego Vitoria,BKII1063,Design de Visualizacao de Informacoes,1.5,REPROVADO
2010,Diego Vitoria,RJYZ5864,Identidade Visual,8.0,APROVADO POR MÉDIA
2010,Diego Vitoria,OCRQ3517,Storytelling Visual,5.0,APROVADO
2010,Diego Vitoria,RJGL2456,Design Colaborativo,,REPROVADO POR FALTA
2010,Diego Vitoria,UFMQ0127,Design para Longevidade,,REPROVADO POR FALTA
2010,Diego Vitoria,BKII1063,Design de Visualizacao de Informacoes,,REPROVADO POR FALTA
2010,Diego Vitoria,AAZN5771,Ergonomia,,REPROVADO POR FALTA
2011,Diego Vitoria,RJGL2456,Design Colaborativo,,REPROVADO POR FALTA
2011,Diego Vitoria,UFMQ0127,Design para Longevidade,,REPROVADO POR FALTA
2011,Diego Vitoria,TPYC6338,Design Thinking,5.0,APROVADO
2011,Diego Vitoria,JGDZ1333,Gamificacao,9.0,APROVADO POR MÉDIA
2011,Diego Vitoria,BKII1063,Design de Visualizacao de Informacoes,,REPROVADO POR FALTA
2011,Diego Vitoria,BLDG0260,Design de Joias,,REPROVADO POR FALTA
2011,Diego Vitoria,BKII1063,Design de Visualizacao de Informacoes,,REPROVADO POR FALTA
2011,Diego Vitoria,BLDG0260,Design de Joias,3.88,REPROVADO
2011,Diego Vitoria,AAZN5771,Ergonomia,,REPROVADO POR FALTA
2011,Diego Vitoria,KAWV5083,Branding,6.35,APROVADO
2012,Diego Vitoria,BKII1063,Design de Visualizacao de Informacoes,,REPROVADO POR FALTA
2012,Diego Vitoria,MXMO8868,Cultura Visual,5.4,APROVADO
2012,Diego Vitoria,BLDG0260,Design de Joias,5.13,APROVADO
2012,Diego Vitoria,AAZN5771,Ergonomia,,REPROVADO POR FALTA
2012,Diego Vitoria,LERH6635,Design de Produto,7.5,APROVADO POR MÉDIA
2012,Diego Vitoria,COOQ5695,Design de Interacao em Tempo Real,,REPROVADO POR FALTA
2012,Diego Vitoria,DZNQ4989,Design Cenico,,REPROVADO POR FALTA
2012,Diego Vitoria,AAZN5771,Ergonomia,,REPROVADO POR FALTA
2012,Diego Vitoria,UXMU2899,Interacao Tangivel,,REPROVADO POR FALTA
2012,Diego Vitoria,TRQX5862,Etica em Design,7.0,APROVADO POR MÉDIA
2013,Diego Vitoria,DZNQ4989,Design Cenico,,REPROVADO POR FALTA
2013,Diego Vitoria,AAZN5771,Ergonomia,,REPROVADO POR FALTA
2013,Diego Vitoria,UXMU2899,Interacao Tangivel,,REPROVADO POR FALTA
2013,Diego Vitoria,UXMU2899,Interacao Tangivel,,REPROVADO POR FALTA
2014,Diego Vitoria,RJGL2456,Design Colaborativo,,REPROVADO POR FALTA
2014,Diego Vitoria,UFMQ0127,Design para Longevidade,,REPROVADO POR FALTA
2014,Diego Vitoria,COOQ5695,Design de Interacao em Tempo Real,,REPROVADO POR FALTA
2014,Diego Vitoria,UXMU2899,Interacao Tangivel,,REPROVADO POR FALTA
2015,Diego Vitoria,COOQ5695,Design de Interacao em Tempo Real,,REPROVADO POR FALTA
2015,Diego Vitoria,BMDH7993,Design de Apresentacoes,,REPROVADO POR FALTA
ANO,Diego Vitoria,CÓDIGO,DISCIPLINA,NOTA FINAL,SITUAÇÃO CONCEITO
2015,Diego Vitoria,DZNQ4989,Design Cenico,,REPROVADO POR FALTA
2015,Diego Vitoria,BKII1063,Design de Visualizacao de Informacoes,,REPROVADO POR FALTA
2015,Diego Vitoria,UXMU2899,Interacao Tangivel,,REPROVADO POR FALTA
2015,Diego Vitoria,BMDH7993,Design de Apresentacoes,,REPROVADO POR FALTA
2016,Diego Vitoria,TOZF3011,SemiÃ³tica,,REPROVADO POR FALTA
2016,Diego Vitoria,BMDH7993,Design de Apresentacoes,,REPROVADO POR FALTA
2016,Diego Vitoria,DZNQ4989,Design Cenico,,REPROVADO POR FALTA
2016,Diego Vitoria,BKII1063,Design de Visualizacao de Informacoes,,REPROVADO POR FALTA
2016,Diego Vitoria,UXMU2899,Interacao Tangivel,,REPROVADO POR FALTA
2016,Diego Vitoria,TOZF3011,SemiÃ³tica,8.0,APROVADO POR MÉDIA
2016,Diego Vitoria,HQDD9963,Design Sonoro,7.0,APROVADO POR MÉDIA
2016,Diego Vitoria,BMDH7993,Design de Apresentacoes,8.0,APROVADO POR MÉDIA
2016,Diego Vitoria,AAZN5771,Ergonomia,10.0,APROVADO POR MÉDIA
2016,Diego Vitoria,UXMU2899,Interacao Tangivel,7.0,APROVADO POR MÉDIA
2016,Diego Vitoria,VMGY1151,Design de Interacao Tangivel,7.0,APROVADO POR MÉDIA
2017,Diego Vitoria,RJGL2456,Design Colaborativo,,REPROVADO POR FALTA
2017,Diego Vitoria,UFMQ0127,Design para Longevidade,,REPROVADO POR FALTA
2017,Diego Vitoria,BKII1063,Design de Visualizacao de Informacoes,,REPROVADO POR FALTA
2017,Diego Vitoria,,TRANCAMENTO,,
2018,Diego Vitoria,RJGL2456,"Design Colaborativo
DOCENTE(S): Fernanda Lima",,REPROVADO POR FALTA
2018,Diego Vitoria,COOQ5695,"Design de Interacao em Tempo Real
DOCENTE(S): Pedro Oliveira",,REPROVADO POR FALTA
2018,Diego Vitoria,RVMF0745,"Design Biomimetico
DOCENTE(S): Carla Souza",,REPROVADO POR FALTA
2018,Diego Vitoria,DZNQ4989,"Design Cenico
DOCENTE(S): Ana Costa",,REPROVADO POR FALTA
2018,Diego Vitoria,RMDE3651,"Teoria do Design
DOCENTE(S): Marcos Ferreira",,REPROVADO POR FALTA
2018,Diego Vitoria,XYOT5349,"Tecnicas de Iluminacao
DOCENTE(S): Gustavo Martins",,REPROVADO POR FALTA
2019,Diego Vitoria,RMDE3651,Teoria do Design,,REPROVADO POR FALTA
2019,Diego Vitoria,,DESVINCULADO,,
2011,Mauricio Paula,OCRQ3517,Storytelling Visual,5.95,APROVADO
2011,Mauricio Paula,RJGL2456,Design Colaborativo,8.75,APROVADO POR MÉDIA
2011,Mauricio Paula,QBWW6998,Computacao Grafica,7.0,APROVADO POR MÉDIA
2011,Mauricio Paula,UFMQ0127,Design para Longevidade,8.0,APROVADO POR MÉDIA
2011,Mauricio Paula,MKUB0718,Design de Mobiliario,,APROVADO POR FREQÜÊNCIA
2011,Mauricio Paula,BKII1063,Design de Visualizacao de Informacoes,2.25,REPROVADO
2011,Mauricio Paula,RJYZ5864,Identidade Visual,7.0,APROVADO POR MÉDIA
2011,Mauricio Paula,DOMK5241,Design de Aprendizado,6.13,APROVADO
2011,Mauricio Paula,ZULH9584,Projeto Integrado,7.05,APROVADO
2011,Mauricio Paula,WPUV3332,Design de Tecnologia Vestivel (Wearable),7.35,APROVADO POR MÉDIA
2011,Mauricio Paula,JGDZ1333,Gamificacao,8.5,APROVADO POR MÉDIA
2011,Mauricio Paula,BKII1063,Design de Visualizacao de Informacoes,7.63,APROVADO
2011,Mauricio Paula,AAZN5771,Ergonomia,7.5,APROVADO POR MÉDIA
2012,Mauricio Paula,UCTK5222,Design de Realidade Aumentada (AR) e Virtual (VR),7.05,APROVADO POR MÉDIA
2012,Mauricio Paula,NRYN3294,Design de Interfaces Neuromorficas,5.4,APROVADO
2012,Mauricio Paula,NRCI1107,Design de Experiencia em Museus,5.28,APROVADO
2012,Mauricio Paula,BLDG0260,Design de Joias,7.25,APROVADO POR MÉDIA
2012,Mauricio Paula,FZLO1427,Marketing de Produto,10.0,APROVADO POR MÉDIA
2012,Mauricio Paula,KAWV5083,Branding,7.75,APROVADO POR MÉDIA
2012,Mauricio Paula,JJNT2088,Manipulacao de Imagem,3.75,REPROVADO
2012,Mauricio Paula,TSYB3211,Impressao 3D,4.09,REPROVADO
2012,Mauricio Paula,VOQA5582,Tipografia,4.2,REPROVADO
2012,Mauricio Paula,VMGY1151,Design de Interacao Tangivel,7.75,APROVADO POR MÉDIA
2013,Mauricio Paula,JJNT2088,Manipulacao de Imagem,2.85,REPROVADO
2013,Mauricio Paula,TSYB3211,Impressao 3D,,REPROVADO POR FALTA
2013,Mauricio Paula,VOQA5582,Tipografia,,REPROVADO POR FALTA
2013,Mauricio Paula,,TRANCAMENTO,,
2014,Mauricio Paula,,DESVINCULADO,,
2005,Fernando Eduarda,OCRQ3517,Storytelling Visual,,REPROVADO POR FALTA
2005,Fernando Eduarda,RJGL2456,Design Colaborativo,,REPROVADO POR FALTA
2005,Fernando Eduarda,QBWW6998,Computacao Grafica,,REPROVADO POR FALTA
2005,Fernando Eduarda,UFMQ0127,Design para Longevidade,,REPROVADO POR FALTA
2005,Fernando Eduarda,MKUB0718,Design de Mobiliario,,REPROVADO POR FALTA
2005,Fernando Eduarda,BKII1063,Design de Visualizacao de Informacoes,,REPROVADO POR FALTA
2005,Fernando Eduarda,RJYZ5864,Identidade Visual,,REPROVADO POR FALTA
2008,Fernando Eduarda,,DESLIGAMENTO,,
2006,Fernando Eduarda,OCRQ3517,Storytelling Visual,,REPROVADO POR FALTA
2006,Fernando Eduarda,RJGL2456,Design Colaborativo,,REPROVADO POR FALTA
2006,Fernando Eduarda,QBWW6998,Computacao Grafica,,REPROVADO POR FALTA
2006,Fernando Eduarda,UFMQ0127,Design para Longevidade,,REPROVADO POR FALTA
2006,Fernando Eduarda,MKUB0718,Design de Mobiliario,,REPROVADO POR FALTA
2006,Fernando Eduarda,BKII1063,Design de Visualizacao de Informacoes,,REPROVADO POR FALTA
2006,Fernando Eduarda,RJYZ5864,Identidade Visual,,APROVADO POR FREQÜÊNCIA
2009,Fernando Eduarda,,DESLIGAMENTO,,
2011,Fernando Eduarda,,DESLIGAMENTO,,
2017,Thiago Eduardo,OCRQ3517,Storytelling Visual,8.75,APROVADO POR MÉDIA
2017,Thiago Eduardo,RJGL2456,Design Colaborativo,,DISPENSADO
2017,Thiago Eduardo,QBWW6998,Computacao Grafica,,DISPENSADO
2017,Thiago Eduardo,UFMQ0127,Design para Longevidade,9.1,APROVADO POR MÉDIA
2017,Thiago Eduardo,MKUB0718,Design de Mobiliario,,DISPENSADO
2017,Thiago Eduardo,BKII1063,Design de Visualizacao de Informacoes,9.0,APROVADO POR MÉDIA
2017,Thiago Eduardo,RJYZ5864,Identidade Visual,8.75,APROVADO POR MÉDIA
2017,Thiago Eduardo,DOMK5241,Design de Aprendizado,8.25,APROVADO POR MÉDIA
2017,Thiago Eduardo,ZULH9584,Projeto Integrado,10.0,APROVADO POR MÉDIA
2017,Thiago Eduardo,WPUV3332,Design de Tecnologia Vestivel (Wearable),8.75,APROVADO POR MÉDIA
2017,Thiago Eduardo,NRYN3294,Design de Interfaces Neuromorficas,8.25,APROVADO POR MÉDIA
2017,Thiago Eduardo,NRCI1107,Design de Experiencia em Museus,7.5,APROVADO POR MÉDIA
2017,Thiago Eduardo,AAZN5771,Ergonomia,9.5,APROVADO POR MÉDIA
2018,Thiago Eduardo,JJNT2088,Manipulacao de Imagem,8.15,APROVADO POR MÉDIA
2018,Thiago Eduardo,JGDZ1333,"Gamificacao
DOCENTE(S): Luiz Pereira",8.0,APROVADO POR MÉDIA
2018,Thiago Eduardo,TSYB3211,"Impressao 3D
DOCENTE(S): Marcos Ferreira",9.0,APROVADO POR MÉDIA
2018,Thiago Eduardo,VOQA5582,"Tipografia
DOCENTE(S): Joao Silva",7.1,APROVADO POR MÉDIA
2018,Thiago Eduardo,BLDG0260,"Design de Joias
DOCENTE(S): Gustavo Martins",8.85,APROVADO POR MÉDIA
2018,Thiago Eduardo,FZLO1427,"Marketing de Produto
DOCENTE(S): Carla Souza",9.5,APROVADO POR MÉDIA
2018,Thiago Eduardo,KAWV5083,"Branding
DOCENTE(S): Rafaela Gomes",7.5,APROVADO POR MÉDIA
2018,Thiago Eduardo,NGVU3526,"Ecodesign
DOCENTE(S): Diego Cardoso",9.0,APROVADO POR MÉDIA
2018,Thiago Eduardo,COOQ5695,"Design de Interacao em Tempo Real
DOCENTE(S): Pedro Oliveira",10.0,APROVADO POR MÉDIA
2018,Thiago Eduardo,VFBH8799,"Design Cibernetico
DOCENTE(S): Joao Silva",8.35,APROVADO POR MÉDIA
2018,Thiago Eduardo,UCTK5222,"Design de Realidade Aumentada (AR) e Virtual (VR)
DOCENTE(S): Juliana Rodrigues",7.0,APROVADO POR MÉDIA
2018,Thiago Eduardo,JVFQ7338,"Design de Interacao Cultural
DOCENTE(S): Gustavo Martins",7.5,APROVADO POR MÉDIA
2018,Thiago Eduardo,QVGO0107,"Prototipagem em Papel
DOCENTE(S): Juliana Rodrigues",8.0,APROVADO POR MÉDIA
2018,Thiago Eduardo,LERH6635,"Design de Produto
DOCENTE(S): Carla Souza",8.0,APROVADO POR MÉDIA
2019,Thiago Eduardo,MAEY1044,"Design Computacional
DOCENTE(S): Maria Santos",8.0,APROVADO POR MÉDIA
2019,Thiago Eduardo,SATJ7970,"Design de Narrativa Espacial
DOCENTE(S): Ana Costa",8.5,APROVADO POR MÉDIA
2019,Thiago Eduardo,RVMF0745,"Design Biomimetico
DOCENTE(S): Carla Souza",,REPROVADO POR FALTA
2019,Thiago Eduardo,TPYC6338,"Design Thinking
DOCENTE(S): Joao Silva",8.0,APROVADO POR MÉDIA
2019,Thiago Eduardo,IENT5068,"Design Experimental
DOCENTE(S): Rafaela Gomes",8.0,APROVADO POR MÉDIA
2019,Thiago Eduardo,KZBU0327,"Design de Interacao Corporal
DOCENTE(S): Fernanda Lima",9.75,APROVADO POR MÉDIA
2019,Thiago Eduardo,AOXV5438,"Design de Espacos Virtuais
DOCENTE(S): Pedro Oliveira",9.75,APROVADO POR MÉDIA
2019,Thiago Eduardo,RRME1020,"Design Parametrico
DOCENTE(S): Juliana Rodrigues",7.7,APROVADO POR MÉDIA
2019,Thiago Eduardo,TOZF3011,"SemiÃ³tica
DOCENTE(S): Luiz Pereira",8.0,APROVADO POR MÉDIA
ANO,Thiago Eduardo,CÓDIGO,DISCIPLINA,NOTA FINAL,SITUAÇÃO CONCEITO
2019,Thiago Eduardo,RVMF0745,"Design Biomimetico
DOCENTE(S): Carla Souza",9.5,APROVADO POR MÉDIA
2019,Thiago Eduardo,LLKP8902,"Design Digital
DOCENTE(S): Patricia Nunes",8.95,APROVADO POR MÉDIA
2019,Thiago Eduardo,DZNQ4989,"Design Cenico
DOCENTE(S): Ana Costa",8.0,APROVADO POR MÉDIA
2019,Thiago Eduardo,MXMO8868,"Cultura Visual
DOCENTE(S): Patricia Nunes",8.0,APROVADO POR MÉDIA
2019,Thiago Eduardo,XERB6119,"Gestao de Marcas
DOCENTE(S): Maria Santos",8.57,APROVADO POR MÉDIA
2019,Thiago Eduardo,UXMU2899,"Interacao Tangivel
DOCENTE(S): Gustavo Martins",8.0,APROVADO POR MÉDIA
2019,Thiago Eduardo,TRQX5862,Etica em Design,9.25,APROVADO POR MÉDIA
2019,Thiago Eduardo,VNBQ5535,"Design de Moda
DOCENTE(S): Fernanda Lima",9.0,APROVADO POR MÉDIA
2020,Thiago Eduardo,BMDH7993,"Design de Apresentacoes
DOCENTE(S): Diego Cardoso",9.0,APROVADO POR MÉDIA
2020,Thiago Eduardo,TWIP0018,"Teoria da Cor
DOCENTE(S): Ana Costa",9.3,APROVADO POR MÉDIA
2020,Thiago Eduardo,RMDE3651,"Teoria do Design
DOCENTE(S): Marcos Ferreira",9.5,APROVADO POR MÉDIA
2020,Thiago Eduardo,DQUN5124,"Comunicacao Visual
DOCENTE(S): Luiz Pereira",10.0,APROVADO POR MÉDIA
2020,Thiago Eduardo,NVRL4030,"Materiais e Processos
DOCENTE(S): Juliana Rodrigues",10.0,APROVADO POR MÉDIA
2020,Thiago Eduardo,LSHL3127,"Design de Redes Sociais
DOCENTE(S): Larissa Vieira",7.8,APROVADO POR MÉDIA
2020,Thiago Eduardo,WWGS2880,"Design de Realidade Hibrida
DOCENTE(S): Pedro Oliveira",9.0,APROVADO POR MÉDIA
2020,Thiago Eduardo,MDQZ6072,"Design de Jogos
DOCENTE(S): Joao Silva",10.0,APROVADO POR MÉDIA
2020,Thiago Eduardo,VMGY1151,"Design de Interacao Tangivel
DOCENTE(S): Rafaela Gomes",10.0,APROVADO POR MÉDIA
2020,Thiago Eduardo,XYOT5349,"Tecnicas de Iluminacao
DOCENTE(S): Gustavo Martins",9.0,APROVADO POR MÉDIA
2020,Thiago Eduardo,,INTEGRALIZADO,,
2021,Thiago Eduardo,,FORMADO,,
2005,DOCENTE(S): -----------.,OCRQ3517,Storytelling Visual,9.0,APROVADO POR MÉDIA
2005,DOCENTE(S): -----------.,RJGL2456,Design Colaborativo,7.55,APROVADO POR MÉDIA
2005,DOCENTE(S): -----------.,QBWW6998,Computacao Grafica,10.0,APROVADO POR MÉDIA
2005,DOCENTE(S): -----------.,UFMQ0127,Design para Longevidade,8.0,APROVADO POR MÉDIA
2005,DOCENTE(S): -----------.,MKUB0718,Design de Mobiliario,10.0,APROVADO POR MÉDIA
2005,DOCENTE(S): -----------.,BKII1063,Design de Visualizacao de Informacoes,10.0,APROVADO POR MÉDIA
2005,DOCENTE(S): -----------.,RJYZ5864,Identidade Visual,,APROVADO POR FREQÜÊNCIA
2005,DOCENTE(S): -----------.,DOMK5241,Design de Aprendizado,7.0,APROVADO POR MÉDIA
2005,DOCENTE(S): -----------.,ZULH9584,Projeto Integrado,5.55,APROVADO
2005,DOCENTE(S): -----------.,WPUV3332,Design de Tecnologia Vestivel (Wearable),9.0,APROVADO POR MÉDIA
2005,DOCENTE(S): -----------.,NRYN3294,Design de Interfaces Neuromorficas,10.0,APROVADO POR MÉDIA
2005,DOCENTE(S): -----------.,NRCI1107,Design de Experiencia em Museus,7.0,APROVADO POR MÉDIA
2005,DOCENTE(S): -----------.,AAZN5771,Ergonomia,8.5,APROVADO POR MÉDIA
2006,DOCENTE(S): -----------.,JJNT2088,Manipulacao de Imagem,5.28,APROVADO
2006,DOCENTE(S): -----------.,JGDZ1333,Gamificacao,9.0,APROVADO POR MÉDIA
2006,DOCENTE(S): -----------.,TSYB3211,Impressao 3D,8.5,APROVADO POR MÉDIA
2006,DOCENTE(S): -----------.,VOQA5582,Tipografia,,REPROVADO POR FALTA
2006,DOCENTE(S): -----------.,BLDG0260,Design de Joias,8.25,APROVADO POR MÉDIA
2006,DOCENTE(S): -----------.,FZLO1427,Marketing de Produto,,REPROVADO POR FALTA
2006,DOCENTE(S): -----------.,KAWV5083,Branding,7.0,APROVADO POR MÉDIA
2006,DOCENTE(S): -----------.,NGVU3526,Ecodesign,,REPROVADO POR FALTA
2006,DOCENTE(S): -----------.,COOQ5695,Design de Interacao em Tempo Real,,REPROVADO POR FALTA
2006,DOCENTE(S): -----------.,VFBH8799,Design Cibernetico,,REPROVADO POR FALTA
2006,DOCENTE(S): -----------.,UCTK5222,Design de Realidade Aumentada (AR) e Virtual (VR),,REPROVADO POR FALTA
2006,DOCENTE(S): -----------.,JVFQ7338,Design de Interacao Cultural,,REPROVADO POR FALTA
2006,DOCENTE(S): -----------.,LERH6635,Design de Produto,,REPROVADO POR FALTA
2007,DOCENTE(S): -----------.,,DESVINCULADO,,
2005,Vitoria Isadora,OCRQ3517,Storytelling Visual,,REPROVADO POR FALTA
2005,Vitoria Isadora,RJGL2456,Design Colaborativo,,REPROVADO POR FALTA
2005,Vitoria Isadora,QBWW6998,Computacao Grafica,10.0,APROVADO POR MÉDIA
2005,Vitoria Isadora,UFMQ0127,Design para Longevidade,,REPROVADO POR FALTA
2005,Vitoria Isadora,MKUB0718,Design de Mobiliario,,APROVADO POR FREQÜÊNCIA
2005,Vitoria Isadora,BKII1063,Design de Visualizacao de Informacoes,,REPROVADO POR FALTA
2005,Vitoria Isadora,RJYZ5864,Identidade Visual,,REPROVADO POR FALTA
2006,Vitoria Isadora,,DESLIGAMENTO,,
2007,Lais Raul,OCRQ3517,Storytelling Visual,5.38,APROVADO
2007,Lais Raul,RJGL2456,Design Colaborativo,7.0,APROVADO POR MÉDIA
2007,Lais Raul,QBWW6998,Computacao Grafica,7.75,APROVADO POR MÉDIA
2007,Lais Raul,UFMQ0127,Design para Longevidade,6.25,APROVADO
2007,Lais Raul,MKUB0718,Design de Mobiliario,8.75,APROVADO POR MÉDIA
2007,Lais Raul,BKII1063,Design de Visualizacao de Informacoes,2.88,REPROVADO
2007,Lais Raul,RJYZ5864,Identidade Visual,8.0,APROVADO POR MÉDIA
2007,Lais Raul,DOMK5241,Design de Aprendizado,5.75,APROVADO
2007,Lais Raul,ZULH9584,Projeto Integrado,4.1,REPROVADO
2007,Lais Raul,WPUV3332,Design de Tecnologia Vestivel (Wearable),6.82,APROVADO
2007,Lais Raul,MXMO8868,Cultura Visual,5.88,APROVADO
2007,Lais Raul,AAZN5771,Ergonomia,5.7,APROVADO
2008,Lais Raul,NGVU3526,Ecodesign,,CANCELADO COM ONUS
2008,Lais Raul,ZULH9584,Projeto Integrado,7.03,APROVADO
2008,Lais Raul,TPYC6338,Design Thinking,5.5,APROVADO
2008,Lais Raul,JGDZ1333,Gamificacao,,REPROVADO POR FALTA
2008,Lais Raul,BKII1063,Design de Visualizacao de Informacoes,6.75,APROVADO
2008,Lais Raul,BLDG0260,Design de Joias,7.32,APROVADO
2008,Lais Raul,NGVU3526,Ecodesign,7.75,APROVADO POR MÉDIA
2008,Lais Raul,BMDH7993,Design de Apresentacoes,7.0,APROVADO POR MÉDIA
2008,Lais Raul,JGDZ1333,Gamificacao,8.5,APROVADO POR MÉDIA
2008,Lais Raul,NRYN3294,Design de Interfaces Neuromorficas,7.05,APROVADO POR MÉDIA
2008,Lais Raul,NRCI1107,Design de Experiencia em Museus,7.0,APROVADO POR MÉDIA
2008,Lais Raul,FZLO1427,Marketing de Produto,8.0,APROVADO POR MÉDIA
2008,Lais Raul,KAWV5083,Branding,6.25,APROVADO
2009,Lais Raul,COOQ5695,Design de Interacao em Tempo Real,7.35,APROVADO POR MÉDIA
2009,Lais Raul,JJNT2088,Manipulacao de Imagem,2.38,REPROVADO
2009,Lais Raul,UCTK5222,Design de Realidade Aumentada (AR) e Virtual (VR),5.0,APROVADO
2009,Lais Raul,IENT5068,Design Experimental,8.5,APROVADO POR MÉDIA
2009,Lais Raul,TSYB3211,Impressao 3D,7.0,APROVADO POR MÉDIA
2009,Lais Raul,VOQA5582,Tipografia,7.25,APROVADO POR MÉDIA
2009,Lais Raul,RRME1020,Design Parametrico,7.0,APROVADO POR MÉDIA
2009,Lais Raul,VFBH8799,Design Cibernetico,7.1,APROVADO POR MÉDIA
2009,Lais Raul,JJNT2088,Manipulacao de Imagem,5.5,APROVADO
2009,Lais Raul,JVFQ7338,Design de Interacao Cultural,5.0,APROVADO
2009,Lais Raul,QVGO0107,Prototipagem em Papel,7.0,APROVADO POR MÉDIA
2009,Lais Raul,UXMU2899,Interacao Tangivel,,APROVADO POR FREQÜÊNCIA
2009,Lais Raul,LERH6635,Design de Produto,8.75,APROVADO POR MÉDIA
2009,Lais Raul,AOXV5438,Design de Espacos Virtuais,7.2,APROVADO POR MÉDIA
2010,Lais Raul,MAEY1044,Design Computacional,8.86,APROVADO POR MÉDIA
2010,Lais Raul,HQDD9963,Design Sonoro,,REPROVADO POR FALTA
2010,Lais Raul,SATJ7970,Design de Narrativa Espacial,9.0,APROVADO POR MÉDIA
2010,Lais Raul,RVMF0745,Design Biomimetico,7.3,APROVADO POR MÉDIA
2010,Lais Raul,LLKP8902,Design Digital,7.0,APROVADO POR MÉDIA
2010,Lais Raul,DZNQ4989,Design Cenico,7.4,APROVADO POR MÉDIA
2010,Lais Raul,ADMT0013,METODOLOGIA DE PESQUISA,7.25,APROVADO POR MÉDIA
ANO,Lais Raul,CÓDIGO,DISCIPLINA,NOTA FINAL,SITUAÇÃO CONCEITO
2010,Lais Raul,KZBU0327,Design de Interacao Corporal,2.75,REPROVADO
2010,Lais Raul,XERB6119,Gestao de Marcas,7.0,APROVADO POR MÉDIA
2010,Lais Raul,TRQX5862,Etica em Design,8.25,APROVADO POR MÉDIA
2010,Lais Raul,TOZF3011,SemiÃ³tica,5.0,APROVADO
2010,Lais Raul,TWIP0018,Teoria da Cor,8.25,APROVADO POR MÉDIA
2010,Lais Raul,KZBU0327,Design de Interacao Corporal,8.0,APROVADO POR MÉDIA
2010,Lais Raul,DQUN5124,Comunicacao Visual,7.5,APROVADO POR MÉDIA
2010,Lais Raul,LSHL3127,Design de Redes Sociais,6.45,APROVADO
2011,Lais Raul,HQDD9963,Design Sonoro,5.7,APROVADO
2011,Lais Raul,HILN2052,Design de Impacto Social,7.0,APROVADO POR MÉDIA
2011,Lais Raul,WWGS2880,Design de Realidade Hibrida,,REPROVADO POR FALTA
2011,Lais Raul,BKYH9817,Design de Interacao Social,,REPROVADO POR FALTA
2011,Lais Raul,MDQZ6072,Design de Jogos,,REPROVADO POR FALTA
2011,Lais Raul,NVRL4030,Materiais e Processos,,CANCELADO COM ONUS
2011,Lais Raul,VMGY1151,Design de Interacao Tangivel,,REPROVADO POR FALTA
2011,Lais Raul,XYOT5349,Tecnicas de Iluminacao,,REPROVADO POR FALTA
2011,Lais Raul,WWGS2880,Design de Realidade Hibrida,,REPROVADO POR FALTA
2011,Lais Raul,MDQZ6072,Design de Jogos,,REPROVADO POR FALTA
2011,Lais Raul,VMGY1151,Design de Interacao Tangivel,,REPROVADO POR FALTA
2011,Lais Raul,XYOT5349,Tecnicas de Iluminacao,,REPROVADO POR FALTA
2012,Lais Raul,OJNV9272,Fotografia,,REPROVADO POR FALTA
2012,Lais Raul,WWGS2880,Design de Realidade Hibrida,,REPROVADO POR FALTA
2012,Lais Raul,VMGY1151,Design de Interacao Tangivel,,REPROVADO POR FALTA
2012,Lais Raul,XYOT5349,Tecnicas de Iluminacao,,REPROVADO POR FALTA
2012,Lais Raul,RMDE3651,Teoria do Design,,REPROVADO POR FALTA
2012,Lais Raul,VMGY1151,Design de Interacao Tangivel,,REPROVADO POR FALTA
2012,Lais Raul,XYOT5349,Tecnicas de Iluminacao,,REPROVADO POR FALTA
2013,Lais Raul,VMGY1151,Design de Interacao Tangivel,,REPROVADO POR FALTA
2013,Lais Raul,XYOT5349,Tecnicas de Iluminacao,,REPROVADO POR FALTA
2013,Lais Raul,,DESVINCULADO,,
2008,Amanda Emilly,OCRQ3517,Storytelling Visual,,REPROVADO POR FALTA
2008,Amanda Emilly,RJGL2456,Design Colaborativo,1.65,REPROVADO
2008,Amanda Emilly,QBWW6998,Computacao Grafica,5.88,APROVADO
2008,Amanda Emilly,UFMQ0127,Design para Longevidade,1.75,REPROVADO
2008,Amanda Emilly,MKUB0718,Design de Mobiliario,8.0,APROVADO POR MÉDIA
2008,Amanda Emilly,BKII1063,Design de Visualizacao de Informacoes,,REPROVADO POR FALTA
2008,Amanda Emilly,RJYZ5864,Identidade Visual,5.75,APROVADO
2009,Amanda Emilly,OCRQ3517,Storytelling Visual,,REPROVADO POR FALTA
2009,Amanda Emilly,RJGL2456,Design Colaborativo,,REPROVADO POR FALTA
2009,Amanda Emilly,UFMQ0127,Design para Longevidade,,REPROVADO POR FALTA
2009,Amanda Emilly,BKII1063,Design de Visualizacao de Informacoes,,REPROVADO POR FALTA
2010,Amanda Emilly,,DESVINCULADO,,
2007,Sophie Vinicius,OCRQ3517,Storytelling Visual,7.0,APROVADO
2007,Sophie Vinicius,RJGL2456,Design Colaborativo,7.0,APROVADO POR MÉDIA
2007,Sophie Vinicius,QBWW6998,Computacao Grafica,7.75,APROVADO POR MÉDIA
2007,Sophie Vinicius,UFMQ0127,Design para Longevidade,7.5,APROVADO POR MÉDIA
2007,Sophie Vinicius,MKUB0718,Design de Mobiliario,8.5,APROVADO POR MÉDIA
2007,Sophie Vinicius,BKII1063,Design de Visualizacao de Informacoes,5.38,APROVADO
2007,Sophie Vinicius,RJYZ5864,Identidade Visual,7.5,APROVADO POR MÉDIA
2007,Sophie Vinicius,DOMK5241,Design de Aprendizado,7.25,APROVADO POR MÉDIA
2007,Sophie Vinicius,ZULH9584,Projeto Integrado,5.38,APROVADO
2007,Sophie Vinicius,WPUV3332,Design de Tecnologia Vestivel (Wearable),7.0,APROVADO POR MÉDIA
2007,Sophie Vinicius,NRYN3294,Design de Interfaces Neuromorficas,7.4,APROVADO POR MÉDIA
2007,Sophie Vinicius,NRCI1107,Design de Experiencia em Museus,7.0,APROVADO POR MÉDIA
2007,Sophie Vinicius,AAZN5771,Ergonomia,6.97,APROVADO
2008,Sophie Vinicius,JJNT2088,Manipulacao de Imagem,8.5,APROVADO POR MÉDIA
2008,Sophie Vinicius,JGDZ1333,Gamificacao,8.25,APROVADO POR MÉDIA
2008,Sophie Vinicius,TSYB3211,Impressao 3D,7.63,APROVADO POR MÉDIA
2008,Sophie Vinicius,VOQA5582,Tipografia,7.0,APROVADO POR MÉDIA
2008,Sophie Vinicius,BLDG0260,Design de Joias,9.32,APROVADO POR MÉDIA
2008,Sophie Vinicius,FZLO1427,Marketing de Produto,8.3,APROVADO POR MÉDIA
2008,Sophie Vinicius,KAWV5083,Branding,8.0,APROVADO POR MÉDIA
2008,Sophie Vinicius,NGVU3526,Ecodesign,9.25,APROVADO POR MÉDIA
2008,Sophie Vinicius,COOQ5695,Design de Interacao em Tempo Real,5.38,APROVADO
2008,Sophie Vinicius,VFBH8799,Design Cibernetico,7.0,APROVADO POR MÉDIA
2008,Sophie Vinicius,JVFQ7338,Design de Interacao Cultural,7.0,APROVADO POR MÉDIA
2008,Sophie Vinicius,MXMO8868,Cultura Visual,9.5,APROVADO POR MÉDIA
2008,Sophie Vinicius,RMDE3651,Teoria do Design,8.25,APROVADO POR MÉDIA
2008,Sophie Vinicius,QVGO0107,Prototipagem em Papel,8.5,APROVADO POR MÉDIA
2008,Sophie Vinicius,LERH6635,Design de Produto,8.5,APROVADO POR MÉDIA
2009,Sophie Vinicius,MAEY1044,Design Computacional,8.45,APROVADO POR MÉDIA
2009,Sophie Vinicius,UCTK5222,Design de Realidade Aumentada (AR) e Virtual (VR),5.25,APROVADO
2009,Sophie Vinicius,SATJ7970,Design de Narrativa Espacial,9.7,APROVADO POR MÉDIA
2009,Sophie Vinicius,IENT5068,Design Experimental,5.5,APROVADO
2009,Sophie Vinicius,KZBU0327,Design de Interacao Corporal,9.5,APROVADO POR MÉDIA
2009,Sophie Vinicius,AOXV5438,Design de Espacos Virtuais,8.6,APROVADO POR MÉDIA
2009,Sophie Vinicius,RRME1020,Design Parametrico,8.5,APROVADO POR MÉDIA
2009,Sophie Vinicius,TPYC6338,Design Thinking,7.4,APROVADO POR MÉDIA
2009,Sophie Vinicius,LLKP8902,Design Digital,7.1,APROVADO POR MÉDIA
2009,Sophie Vinicius,DZNQ4989,Design Cenico,9.45,APROVADO POR MÉDIA
2009,Sophie Vinicius,XERB6119,Gestao de Marcas,9.5,APROVADO POR MÉDIA
2009,Sophie Vinicius,UXMU2899,Interacao Tangivel,,APROVADO POR FREQÜÊNCIA
2009,Sophie Vinicius,TRQX5862,Etica em Design,5.63,APROVADO
2010,Sophie Vinicius,HILN2052,Design de Impacto Social,8.25,APROVADO POR MÉDIA
2010,Sophie Vinicius,BMDH7993,Design de Apresentacoes,8.5,APROVADO POR MÉDIA
2010,Sophie Vinicius,RVMF0745,Design Biomimetico,7.0,APROVADO POR MÉDIA
2010,Sophie Vinicius,TWIP0018,Teoria da Cor,8.25,APROVADO POR MÉDIA
2010,Sophie Vinicius,DQUN5124,Comunicacao Visual,7.75,APROVADO POR MÉDIA
ANO,Sophie Vinicius,CÓDIGO,DISCIPLINA,NOTA FINAL,SITUAÇÃO CONCEITO
2010,Sophie Vinicius,NVRL4030,Materiais e Processos,8.0,APROVADO POR MÉDIA
2010,Sophie Vinicius,LSHL3127,Design de Redes Sociais,7.0,APROVADO
2010,Sophie Vinicius,PBCQ5148,Design de Impressao e Publicacao,7.74,APROVADO POR MÉDIA
2010,Sophie Vinicius,TOZF3011,SemiÃ³tica,7.25,APROVADO POR MÉDIA
2010,Sophie Vinicius,HQDD9963,Design Sonoro,5.75,APROVADO
2010,Sophie Vinicius,VMGY1151,Design de Interacao Tangivel,7.0,APROVADO POR MÉDIA
2010,Sophie Vinicius,XYOT5349,Tecnicas de Iluminacao,8.0,APROVADO POR MÉDIA
2010,Sophie Vinicius,,INTEGRALIZADO,,
2010,Sophie Vinicius,,FORMADO,,
2007,Mauricio Helena,OCRQ3517,Storytelling Visual,7.0,APROVADO POR MÉDIA
2007,Mauricio Helena,RJGL2456,Design Colaborativo,7.0,APROVADO POR MÉDIA
2007,Mauricio Helena,QBWW6998,Computacao Grafica,7.75,APROVADO POR MÉDIA
2007,Mauricio Helena,UFMQ0127,Design para Longevidade,5.75,APROVADO
2007,Mauricio Helena,MKUB0718,Design de Mobiliario,8.0,APROVADO POR MÉDIA
2007,Mauricio Helena,BKII1063,Design de Visualizacao de Informacoes,3.97,REPROVADO
2007,Mauricio Helena,RJYZ5864,Identidade Visual,7.7,APROVADO POR MÉDIA
2008,Mauricio Helena,DOMK5241,Design de Aprendizado,7.0,APROVADO POR MÉDIA
2008,Mauricio Helena,ZULH9584,Projeto Integrado,,REPROVADO POR FALTA
2008,Mauricio Helena,WPUV3332,Design de Tecnologia Vestivel (Wearable),9.75,APROVADO POR MÉDIA
2008,Mauricio Helena,BKII1063,Design de Visualizacao de Informacoes,8.0,APROVADO POR MÉDIA
2008,Mauricio Helena,MXMO8868,Cultura Visual,9.15,APROVADO POR MÉDIA
2008,Mauricio Helena,AAZN5771,Ergonomia,8.3,APROVADO POR MÉDIA
2008,Mauricio Helena,NGVU3526,Ecodesign,8.75,APROVADO POR MÉDIA
2008,Mauricio Helena,ZULH9584,Projeto Integrado,3.6,REPROVADO
2008,Mauricio Helena,JGDZ1333,Gamificacao,9.25,APROVADO POR MÉDIA
2008,Mauricio Helena,NRYN3294,Design de Interfaces Neuromorficas,7.55,APROVADO POR MÉDIA
2008,Mauricio Helena,NRCI1107,Design de Experiencia em Museus,8.0,APROVADO POR MÉDIA
2008,Mauricio Helena,BLDG0260,Design de Joias,8.75,APROVADO POR MÉDIA
2008,Mauricio Helena,KAWV5083,Branding,9.25,APROVADO POR MÉDIA
2009,Mauricio Helena,COOQ5695,Design de Interacao em Tempo Real,9.75,APROVADO POR MÉDIA
2009,Mauricio Helena,UCTK5222,Design de Realidade Aumentada (AR) e Virtual (VR),8.0,APROVADO POR MÉDIA
2009,Mauricio Helena,ZULH9584,Projeto Integrado,7.25,APROVADO POR MÉDIA
2009,Mauricio Helena,TPYC6338,Design Thinking,7.0,APROVADO POR MÉDIA
2009,Mauricio Helena,TSYB3211,Impressao 3D,8.38,APROVADO POR MÉDIA
2009,Mauricio Helena,VOQA5582,Tipografia,8.5,APROVADO POR MÉDIA
2009,Mauricio Helena,UXMU2899,Interacao Tangivel,,APROVADO POR FREQÜÊNCIA
2009,Mauricio Helena,RRME1020,Design Parametrico,8.5,APROVADO POR MÉDIA
2009,Mauricio Helena,VFBH8799,Design Cibernetico,8.8,APROVADO POR MÉDIA
2009,Mauricio Helena,JJNT2088,Manipulacao de Imagem,8.0,APROVADO POR MÉDIA
2009,Mauricio Helena,JVFQ7338,Design de Interacao Cultural,7.25,APROVADO POR MÉDIA
2009,Mauricio Helena,QVGO0107,Prototipagem em Papel,9.25,APROVADO POR MÉDIA
2009,Mauricio Helena,FZLO1427,Marketing de Produto,9.5,APROVADO POR MÉDIA
2009,Mauricio Helena,LERH6635,Design de Produto,8.5,APROVADO POR MÉDIA
2009,Mauricio Helena,AOXV5438,Design de Espacos Virtuais,9.05,APROVADO POR MÉDIA
2010,Mauricio Helena,MAEY1044,Design Computacional,9.44,APROVADO POR MÉDIA
2010,Mauricio Helena,BMDH7993,Design de Apresentacoes,9.5,APROVADO POR MÉDIA
2010,Mauricio Helena,SATJ7970,Design de Narrativa Espacial,9.3,APROVADO POR MÉDIA
2010,Mauricio Helena,LLKP8902,Design Digital,9.1,APROVADO POR MÉDIA
2010,Mauricio Helena,IENT5068,Design Experimental,7.75,APROVADO POR MÉDIA
2010,Mauricio Helena,KZBU0327,Design de Interacao Corporal,9.0,APROVADO POR MÉDIA
2010,Mauricio Helena,XERB6119,Gestao de Marcas,9.5,APROVADO POR MÉDIA
2010,Mauricio Helena,TRQX5862,Etica em Design,8.5,APROVADO POR MÉDIA
2010,Mauricio Helena,RVMF0745,Design Biomimetico,9.0,APROVADO POR MÉDIA
2010,Mauricio Helena,TWIP0018,Teoria da Cor,9.0,APROVADO POR MÉDIA
2010,Mauricio Helena,DZNQ4989,Design Cenico,9.25,APROVADO POR MÉDIA
ANO,Mauricio Helena,CÓDIGO,DISCIPLINA,NOTA FINAL,SITUAÇÃO CONCEITO
2010,Mauricio Helena,RMDE3651,Teoria do Design,9.0,APROVADO POR MÉDIA
2010,Mauricio Helena,DQUN5124,Comunicacao Visual,8.75,APROVADO POR MÉDIA
2010,Mauricio Helena,LSHL3127,Design de Redes Sociais,7.15,APROVADO POR MÉDIA
2010,Mauricio Helena,PBCQ5148,Design de Impressao e Publicacao,9.25,APROVADO POR MÉDIA
2010,Mauricio Helena,VNBQ5535,Design de Moda,6.9,APROVADO
2011,Mauricio Helena,TOZF3011,SemiÃ³tica,10.0,APROVADO POR MÉDIA
2011,Mauricio Helena,HQDD9963,Design Sonoro,8.3,APROVADO POR MÉDIA
2011,Mauricio Helena,HILN2052,Design de Impacto Social,8.5,APROVADO POR MÉDIA
2011,Mauricio Helena,NVRL4030,Materiais e Processos,,CANCELADO COM ONUS
2011,Mauricio Helena,VMGY1151,Design de Interacao Tangivel,9.0,APROVADO POR MÉDIA
2011,Mauricio Helena,XYOT5349,Tecnicas de Iluminacao,10.0,APROVADO POR MÉDIA
2011,Mauricio Helena,,INTEGRALIZADO,,
2011,Mauricio Helena,,FORMADO,,
2011,Natalia Caroline,OCRQ3517,Storytelling Visual,7.0,APROVADO POR MÉDIA
2011,Natalia Caroline,RJGL2456,Design Colaborativo,5.0,APROVADO
2011,Natalia Caroline,QBWW6998,Computacao Grafica,5.25,APROVADO
2011,Natalia Caroline,UFMQ0127,Design para Longevidade,5.5,APROVADO
2011,Natalia Caroline,MKUB0718,Design de Mobiliario,,APROVADO POR FREQÜÊNCIA
2011,Natalia Caroline,BKII1063,Design de Visualizacao de Informacoes,7.25,APROVADO POR MÉDIA
2011,Natalia Caroline,RJYZ5864,Identidade Visual,7.63,APROVADO
2012,Natalia Caroline,DOMK5241,Design de Aprendizado,7.5,APROVADO POR MÉDIA
2012,Natalia Caroline,ZULH9584,Projeto Integrado,3.4,REPROVADO
2012,Natalia Caroline,WPUV3332,Design de Tecnologia Vestivel (Wearable),7.4,APROVADO POR MÉDIA
2012,Natalia Caroline,NRYN3294,Design de Interfaces Neuromorficas,6.23,APROVADO
2012,Natalia Caroline,NRCI1107,Design de Experiencia em Museus,3.5,REPROVADO
2012,Natalia Caroline,AAZN5771,Ergonomia,7.88,APROVADO POR MÉDIA
2012,Natalia Caroline,JJNT2088,Manipulacao de Imagem,5.8,APROVADO
2012,Natalia Caroline,ZULH9584,Projeto Integrado,6.5,APROVADO
2012,Natalia Caroline,JGDZ1333,Gamificacao,8.75,APROVADO POR MÉDIA
2012,Natalia Caroline,TSYB3211,Impressao 3D,7.0,APROVADO POR MÉDIA
2012,Natalia Caroline,NRCI1107,Design de Experiencia em Museus,7.5,APROVADO POR MÉDIA
2012,Natalia Caroline,MXMO8868,Cultura Visual,,REPROVADO POR FALTA
2012,Natalia Caroline,BLDG0260,Design de Joias,7.65,APROVADO POR MÉDIA
2012,Natalia Caroline,KAWV5083,Branding,8.75,APROVADO POR MÉDIA
2013,Natalia Caroline,COOQ5695,Design de Interacao em Tempo Real,8.65,APROVADO POR MÉDIA
2013,Natalia Caroline,VFBH8799,Design Cibernetico,7.13,APROVADO POR MÉDIA
2013,Natalia Caroline,UCTK5222,Design de Realidade Aumentada (AR) e Virtual (VR),9.25,APROVADO POR MÉDIA
2013,Natalia Caroline,JVFQ7338,Design de Interacao Cultural,5.13,APROVADO
2013,Natalia Caroline,QVGO0107,Prototipagem em Papel,8.0,APROVADO POR MÉDIA
2013,Natalia Caroline,LERH6635,Design de Produto,7.75,APROVADO POR MÉDIA
2013,Natalia Caroline,MAEY1044,Design Computacional,9.3,APROVADO POR MÉDIA
2013,Natalia Caroline,SATJ7970,Design de Narrativa Espacial,8.9,APROVADO POR MÉDIA
2013,Natalia Caroline,TPYC6338,Design Thinking,9.0,APROVADO POR MÉDIA
2013,Natalia Caroline,FZLO1427,Marketing de Produto,9.0,APROVADO POR MÉDIA
2013,Natalia Caroline,KZBU0327,Design de Interacao Corporal,8.0,APROVADO POR MÉDIA
2013,Natalia Caroline,AOXV5438,Design de Espacos Virtuais,7.0,APROVADO POR MÉDIA
2013,Natalia Caroline,RRME1020,Design Parametrico,9.5,APROVADO POR MÉDIA
2014,Natalia Caroline,NGVU3526,Ecodesign,7.5,APROVADO POR MÉDIA
2014,Natalia Caroline,LLKP8902,Design Digital,8.2,APROVADO POR MÉDIA
2014,Natalia Caroline,IENT5068,Design Experimental,2.75,REPROVADO
2014,Natalia Caroline,DZNQ4989,Design Cenico,5.0,APROVADO
2014,Natalia Caroline,MXMO8868,Cultura Visual,6.47,APROVADO
2014,Natalia Caroline,VOQA5582,Tipografia,2.65,REPROVADO
2014,Natalia Caroline,PPDN7220,Modelagem 3D,,REPROVADO POR FALTA
2014,Natalia Caroline,XERB6119,Gestao de Marcas,5.65,APROVADO
2014,Natalia Caroline,UXMU2899,Interacao Tangivel,7.0,APROVADO POR MÉDIA
2014,Natalia Caroline,TRQX5862,Etica em Design,9.0,APROVADO POR MÉDIA
2014,Natalia Caroline,HILN2052,Design de Impacto Social,7.25,APROVADO POR MÉDIA
2014,Natalia Caroline,BMDH7993,Design de Apresentacoes,7.5,APROVADO POR MÉDIA
ANO,Natalia Caroline,CÓDIGO,DISCIPLINA,NOTA FINAL,SITUAÇÃO CONCEITO
2014,Natalia Caroline,RVMF0745,Design Biomimetico,8.5,APROVADO POR MÉDIA
2014,Natalia Caroline,TWIP0018,Teoria da Cor,8.0,APROVADO POR MÉDIA
2014,Natalia Caroline,IENT5068,Design Experimental,7.75,APROVADO POR MÉDIA
2014,Natalia Caroline,RMDE3651,Teoria do Design,7.0,APROVADO POR MÉDIA
2014,Natalia Caroline,DQUN5124,Comunicacao Visual,9.0,APROVADO POR MÉDIA
2014,Natalia Caroline,LSHL3127,Design de Redes Sociais,7.52,APROVADO POR MÉDIA
2015,Natalia Caroline,TOZF3011,SemiÃ³tica,7.0,APROVADO POR MÉDIA
2015,Natalia Caroline,VOQA5582,Tipografia,7.0,APROVADO POR MÉDIA
2015,Natalia Caroline,BKYH9817,Design de Interacao Social,5.75,APROVADO
2015,Natalia Caroline,VMGY1151,Design de Interacao Tangivel,6.75,APROVADO
2015,Natalia Caroline,PBCQ5148,Design de Impressao e Publicacao,9.5,APROVADO POR MÉDIA
2015,Natalia Caroline,XYOT5349,Tecnicas de Iluminacao,,REPROVADO POR FALTA
2015,Natalia Caroline,VNBQ5535,Design de Moda,8.75,APROVADO POR MÉDIA
2015,Natalia Caroline,XYOT5349,Tecnicas de Iluminacao,10.0,APROVADO POR MÉDIA
2015,Natalia Caroline,,INTEGRALIZADO,,
2016,Natalia Caroline,,FORMADO,,
2011,Catarina Nicolas,OCRQ3517,Storytelling Visual,5.53,APROVADO
2011,Catarina Nicolas,RJGL2456,Design Colaborativo,1.85,REPROVADO
2011,Catarina Nicolas,QBWW6998,Computacao Grafica,7.0,APROVADO POR MÉDIA
2011,Catarina Nicolas,UFMQ0127,Design para Longevidade,7.0,APROVADO POR MÉDIA
2011,Catarina Nicolas,MKUB0718,Design de Mobiliario,,APROVADO POR FREQÜÊNCIA
2011,Catarina Nicolas,BKII1063,Design de Visualizacao de Informacoes,6.0,APROVADO
2011,Catarina Nicolas,RJYZ5864,Identidade Visual,8.25,APROVADO POR MÉDIA
2011,Catarina Nicolas,RJGL2456,Design Colaborativo,1.98,REPROVADO
2011,Catarina Nicolas,TPYC6338,Design Thinking,7.0,APROVADO POR MÉDIA
2011,Catarina Nicolas,NRCI1107,Design de Experiencia em Museus,5.0,APROVADO
2011,Catarina Nicolas,MXMO8868,Cultura Visual,7.0,APROVADO POR MÉDIA
2011,Catarina Nicolas,BLDG0260,Design de Joias,8.2,APROVADO POR MÉDIA
2011,Catarina Nicolas,AAZN5771,Ergonomia,7.75,APROVADO POR MÉDIA
2012,Catarina Nicolas,COOQ5695,Design de Interacao em Tempo Real,7.0,APROVADO POR MÉDIA
2012,Catarina Nicolas,RJGL2456,Design Colaborativo,5.45,APROVADO
2012,Catarina Nicolas,BMDH7993,Design de Apresentacoes,7.0,APROVADO POR MÉDIA
2012,Catarina Nicolas,JGDZ1333,Gamificacao,7.5,APROVADO POR MÉDIA
2012,Catarina Nicolas,NRYN3294,Design de Interfaces Neuromorficas,,REPROVADO POR FALTA
2012,Catarina Nicolas,VOQA5582,Tipografia,,REPROVADO POR FALTA
2012,Catarina Nicolas,DOMK5241,Design de Aprendizado,5.0,APROVADO
2012,Catarina Nicolas,ZULH9584,Projeto Integrado,,REPROVADO POR FALTA
2012,Catarina Nicolas,WPUV3332,Design de Tecnologia Vestivel (Wearable),4.5,REPROVADO
2012,Catarina Nicolas,NRYN3294,Design de Interfaces Neuromorficas,,REPROVADO POR FALTA
2012,Catarina Nicolas,KAWV5083,Branding,4.0,REPROVADO
2013,Catarina Nicolas,ZULH9584,Projeto Integrado,,REPROVADO POR FALTA
2013,Catarina Nicolas,WPUV3332,Design de Tecnologia Vestivel (Wearable),8.0,APROVADO POR MÉDIA
2013,Catarina Nicolas,NRYN3294,Design de Interfaces Neuromorficas,7.5,APROVADO POR MÉDIA
2013,Catarina Nicolas,VOQA5582,Tipografia,3.53,REPROVADO
2013,Catarina Nicolas,KAWV5083,Branding,7.0,APROVADO POR MÉDIA
2013,Catarina Nicolas,RRME1020,Design Parametrico,7.75,APROVADO POR MÉDIA
2013,Catarina Nicolas,NGVU3526,Ecodesign,7.0,APROVADO POR MÉDIA
2013,Catarina Nicolas,JJNT2088,Manipulacao de Imagem,3.55,REPROVADO
2013,Catarina Nicolas,ZULH9584,Projeto Integrado,,REPROVADO POR FALTA
2013,Catarina Nicolas,TSYB3211,Impressao 3D,5.03,APROVADO
2013,Catarina Nicolas,VOQA5582,Tipografia,2.5,REPROVADO
2013,Catarina Nicolas,UXMU2899,Interacao Tangivel,,REPROVADO POR FALTA
2013,Catarina Nicolas,LERH6635,Design de Produto,8.0,APROVADO POR MÉDIA
2014,Catarina Nicolas,VFBH8799,Design Cibernetico,4.68,REPROVADO
2014,Catarina Nicolas,JJNT2088,Manipulacao de Imagem,2.85,REPROVADO
2014,Catarina Nicolas,UCTK5222,Design de Realidade Aumentada (AR) e Virtual (VR),6.75,APROVADO
2014,Catarina Nicolas,QVGO0107,Prototipagem em Papel,,REPROVADO POR FALTA
2014,Catarina Nicolas,UXMU2899,Interacao Tangivel,,REPROVADO POR FALTA
2014,Catarina Nicolas,AOXV5438,Design de Espacos Virtuais,2.15,REPROVADO
2014,Catarina Nicolas,TRQX5862,Etica em Design,7.75,APROVADO POR MÉDIA
ANO,Catarina Nicolas,CÓDIGO,DISCIPLINA,NOTA FINAL,SITUAÇÃO CONCEITO
2014,Catarina Nicolas,,TRANCAMENTO,,
2015,Catarina Nicolas,,DESVINCULADO,,
2012,Alice Eloah,OCRQ3517,Storytelling Visual,8.0,APROVADO POR MÉDIA
2012,Alice Eloah,RJGL2456,Design Colaborativo,0.6,REPROVADO
2012,Alice Eloah,QBWW6998,Computacao Grafica,7.0,APROVADO POR MÉDIA
2012,Alice Eloah,UFMQ0127,Design para Longevidade,7.5,APROVADO POR MÉDIA
2012,Alice Eloah,MKUB0718,Design de Mobiliario,,APROVADO POR FREQÜÊNCIA
2012,Alice Eloah,BKII1063,Design de Visualizacao de Informacoes,7.0,APROVADO POR MÉDIA
2012,Alice Eloah,RJYZ5864,Identidade Visual,8.5,APROVADO POR MÉDIA
2013,Alice Eloah,RJGL2456,Design Colaborativo,0.9,REPROVADO
2013,Alice Eloah,TPYC6338,Design Thinking,7.75,APROVADO POR MÉDIA
2013,Alice Eloah,JGDZ1333,Gamificacao,7.25,APROVADO POR MÉDIA
2013,Alice Eloah,NRYN3294,Design de Interfaces Neuromorficas,7.5,APROVADO POR MÉDIA
2013,Alice Eloah,NRCI1107,Design de Experiencia em Museus,8.5,APROVADO POR MÉDIA
2013,Alice Eloah,BLDG0260,Design de Joias,9.25,APROVADO POR MÉDIA
2013,Alice Eloah,AAZN5771,Ergonomia,7.0,APROVADO POR MÉDIA
2013,Alice Eloah,COOQ5695,Design de Interacao em Tempo Real,8.5,APROVADO POR MÉDIA
2013,Alice Eloah,JJNT2088,Manipulacao de Imagem,7.0,APROVADO POR MÉDIA
2013,Alice Eloah,TSYB3211,Impressao 3D,7.45,APROVADO POR MÉDIA
2013,Alice Eloah,MXMO8868,Cultura Visual,7.6,APROVADO POR MÉDIA
2013,Alice Eloah,VOQA5582,Tipografia,2.5,REPROVADO
2013,Alice Eloah,KAWV5083,Branding,7.0,APROVADO POR MÉDIA
2014,Alice Eloah,VFBH8799,Design Cibernetico,,REPROVADO POR FALTA
2014,Alice Eloah,UCTK5222,Design de Realidade Aumentada (AR) e Virtual (VR),,REPROVADO POR FALTA
2014,Alice Eloah,JVFQ7338,Design de Interacao Cultural,,REPROVADO POR FALTA
2014,Alice Eloah,QVGO0107,Prototipagem em Papel,,REPROVADO POR FALTA
2014,Alice Eloah,LERH6635,Design de Produto,,REPROVADO POR FALTA
2014,Alice Eloah,BMDH7993,Design de Apresentacoes,,REPROVADO POR FALTA
2014,Alice Eloah,JVFQ7338,Design de Interacao Cultural,,REPROVADO POR FALTA
2015,Alice Eloah,BMDH7993,Design de Apresentacoes,,REPROVADO POR FALTA
2015,Alice Eloah,,DESVINCULADO,,
2012,Daniel Nathanael,,DESLIGAMENTO,,
2009,Lorena Eloah,OCRQ3517,Storytelling Visual,,REPROVADO POR FALTA
2009,Lorena Eloah,RJGL2456,Design Colaborativo,1.25,REPROVADO
2009,Lorena Eloah,QBWW6998,Computacao Grafica,,REPROVADO POR FALTA
2009,Lorena Eloah,UFMQ0127,Design para Longevidade,,REPROVADO POR FALTA
2009,Lorena Eloah,MKUB0718,Design de Mobiliario,,REPROVADO POR FALTA
2009,Lorena Eloah,BKII1063,Design de Visualizacao de Informacoes,,REPROVADO POR FALTA
2009,Lorena Eloah,RJYZ5864,Identidade Visual,,REPROVADO POR FALTA
2009,Lorena Eloah,,DESLIGAMENTO,,
2013,Maria Raul,OCRQ3517,Storytelling Visual,8.05,APROVADO POR MÉDIA
2013,Maria Raul,RJGL2456,Design Colaborativo,8.75,APROVADO POR MÉDIA
2013,Maria Raul,QBWW6998,Computacao Grafica,9.65,APROVADO POR MÉDIA
2013,Maria Raul,UFMQ0127,Design para Longevidade,8.75,APROVADO POR MÉDIA
2013,Maria Raul,MKUB0718,Design de Mobiliario,,APROVADO POR FREQÜÊNCIA
2013,Maria Raul,BKII1063,Design de Visualizacao de Informacoes,8.25,APROVADO
2013,Maria Raul,RJYZ5864,Identidade Visual,8.75,APROVADO POR MÉDIA
2014,Maria Raul,DOMK5241,Design de Aprendizado,2.4,REPROVADO
2014,Maria Raul,ZULH9584,Projeto Integrado,1.85,REPROVADO
2014,Maria Raul,WPUV3332,Design de Tecnologia Vestivel (Wearable),8.25,APROVADO POR MÉDIA
2014,Maria Raul,NRYN3294,Design de Interfaces Neuromorficas,,REPROVADO POR FALTA
2014,Maria Raul,NRCI1107,Design de Experiencia em Museus,8.93,APROVADO POR MÉDIA
2014,Maria Raul,AAZN5771,Ergonomia,,REPROVADO POR FALTA
2014,Maria Raul,NGVU3526,Ecodesign,8.25,APROVADO POR MÉDIA
2014,Maria Raul,DOMK5241,Design de Aprendizado,,REPROVADO POR FALTA
2014,Maria Raul,ZULH9584,Projeto Integrado,,REPROVADO POR FALTA
2014,Maria Raul,JGDZ1333,Gamificacao,7.0,APROVADO POR MÉDIA
2014,Maria Raul,NRYN3294,Design de Interfaces Neuromorficas,7.6,APROVADO POR MÉDIA
2014,Maria Raul,VOQA5582,Tipografia,,REPROVADO POR FALTA
2014,Maria Raul,BLDG0260,Design de Joias,7.0,APROVADO POR MÉDIA
2015,Maria Raul,COOQ5695,Design de Interacao em Tempo Real,7.75,APROVADO POR MÉDIA
2015,Maria Raul,JJNT2088,Manipulacao de Imagem,,REPROVADO POR FALTA
2015,Maria Raul,TSYB3211,Impressao 3D,6.5,APROVADO
2015,Maria Raul,VOQA5582,Tipografia,,REPROVADO POR FALTA
2015,Maria Raul,KAWV5083,Branding,7.0,APROVADO POR MÉDIA
2015,Maria Raul,VFBH8799,Design Cibernetico,7.65,APROVADO POR MÉDIA
2015,Maria Raul,UCTK5222,Design de Realidade Aumentada (AR) e Virtual (VR),,REPROVADO POR FALTA
2015,Maria Raul,ZULH9584,Projeto Integrado,,REPROVADO POR FALTA
2015,Maria Raul,TPYC6338,Design Thinking,7.65,APROVADO POR MÉDIA
2015,Maria Raul,QVGO0107,Prototipagem em Papel,,REPROVADO POR FALTA
2015,Maria Raul,AAZN5771,Ergonomia,5.0,APROVADO
2015,Maria Raul,LERH6635,Design de Produto,7.0,APROVADO POR MÉDIA
2015,Maria Raul,RRME1020,Design Parametrico,,REPROVADO POR FALTA
2016,Maria Raul,MAEY1044,Design Computacional,,REPROVADO POR FALTA
2016,Maria Raul,JJNT2088,Manipulacao de Imagem,,REPROVADO POR FALTA
2016,Maria Raul,MXMO8868,Cultura Visual,7.0,APROVADO POR MÉDIA
2016,Maria Raul,VOQA5582,Tipografia,,REPROVADO POR FALTA
2016,Maria Raul,UXMU2899,Interacao Tangivel,9.0,APROVADO POR MÉDIA
2016,Maria Raul,RRME1020,Design Parametrico,,REPROVADO POR FALTA
2016,Maria Raul,DOMK5241,Design de Aprendizado,,REPROVADO POR FALTA
2016,Maria Raul,UCTK5222,Design de Realidade Aumentada (AR) e Virtual (VR),,REPROVADO POR FALTA
2016,Maria Raul,ZULH9584,Projeto Integrado,,REPROVADO POR FALTA
2016,Maria Raul,BMDH7993,Design de Apresentacoes,7.5,APROVADO POR MÉDIA
2016,Maria Raul,JVFQ7338,Design de Interacao Cultural,,REPROVADO POR FALTA
2016,Maria Raul,DZNQ4989,Design Cenico,,REPROVADO POR FALTA
2016,Maria Raul,QVGO0107,Prototipagem em Papel,,REPROVADO POR FALTA
ANO,Maria Raul,CÓDIGO,DISCIPLINA,NOTA FINAL,SITUAÇÃO CONCEITO
2016,Maria Raul,TRQX5862,Etica em Design,8.0,APROVADO POR MÉDIA
2017,Maria Raul,MAEY1044,Design Computacional,,REPROVADO POR FALTA
2017,Maria Raul,HQDD9963,Design Sonoro,1.25,REPROVADO
2017,Maria Raul,JJNT2088,Manipulacao de Imagem,,REPROVADO POR FALTA
2017,Maria Raul,VOQA5582,Tipografia,5.0,APROVADO
2017,Maria Raul,RRME1020,Design Parametrico,6.49,APROVADO
2017,Maria Raul,DOMK5241,Design de Aprendizado,,REPROVADO POR FALTA
2017,Maria Raul,ZULH9584,Projeto Integrado,3.91,REPROVADO
2017,Maria Raul,JVFQ7338,Design de Interacao Cultural,5.0,APROVADO
2017,Maria Raul,QVGO0107,Prototipagem em Papel,5.0,APROVADO
2018,Maria Raul,MAEY1044,"Design Computacional
DOCENTE(S): Maria Santos",3.25,REPROVADO
2018,Maria Raul,HQDD9963,"Design Sonoro
DOCENTE(S): Patricia Nunes",7.0,APROVADO POR MÉDIA
2018,Maria Raul,JJNT2088,Manipulacao de Imagem,6.38,APROVADO
2018,Maria Raul,SATJ7970,"Design de Narrativa Espacial
DOCENTE(S): Ana Costa",8.5,APROVADO POR MÉDIA
2018,Maria Raul,RMDE3651,"Teoria do Design
DOCENTE(S): Marcos Ferreira",,REPROVADO POR FALTA
2018,Maria Raul,KZBU0327,Design de Interacao Corporal,9.25,APROVADO POR MÉDIA
2018,Maria Raul,DOMK5241,"Design de Aprendizado
DOCENTE(S): Ana Costa",4.55,REPROVADO
2018,Maria Raul,ZULH9584,"Projeto Integrado
DOCENTE(S): Fernanda Lima",7.5,APROVADO POR MÉDIA
2018,Maria Raul,LLKP8902,"Design Digital
DOCENTE(S): Patricia Nunes",8.28,APROVADO POR MÉDIA
2018,Maria Raul,DZNQ4989,"Design Cenico
DOCENTE(S): Ana Costa",,REPROVADO POR FALTA
2018,Maria Raul,VMGY1151,"Design de Interacao Tangivel
DOCENTE(S): Rafaela Gomes",1.55,REPROVADO
2018,Maria Raul,PBCQ5148,"Design de Impressao e Publicacao
DOCENTE(S): Gustavo Martins",8.18,APROVADO POR MÉDIA
2018,Maria Raul,VNBQ5535,"Design de Moda
DOCENTE(S): Fernanda Lima",8.5,APROVADO POR MÉDIA
2019,Maria Raul,MAEY1044,"Design Computacional
DOCENTE(S): Maria Santos",4.72,REPROVADO
2019,Maria Raul,RVMF0745,"Design Biomimetico
DOCENTE(S): Carla Souza",,RENOVAÇÃO DE ESTÁGIO
2019,Maria Raul,TWIP0018,"Teoria da Cor
DOCENTE(S): Ana Costa",8.75,APROVADO POR MÉDIA
2019,Maria Raul,RMDE3651,"Teoria do Design
DOCENTE(S): Marcos Ferreira",,REPROVADO POR FALTA
2019,Maria Raul,FZLO1427,"Marketing de Produto
DOCENTE(S): Carla Souza",7.5,APROVADO POR MÉDIA
2019,Maria Raul,TOZF3011,"SemiÃ³tica
DOCENTE(S): Luiz Pereira",8.0,APROVADO POR MÉDIA
2019,Maria Raul,DOMK5241,"Design de Aprendizado
DOCENTE(S): Ana Costa",5.53,APROVADO
2019,Maria Raul,UCTK5222,"Design de Realidade Aumentada (AR) e Virtual (VR)
DOCENTE(S): Juliana Rodrigues",7.0,APROVADO POR MÉDIA
2019,Maria Raul,RVMF0745,"Design Biomimetico
DOCENTE(S): Carla Souza",8.0,APROVADO POR MÉDIA
2019,Maria Raul,DZNQ4989,"Design Cenico
DOCENTE(S): Ana Costa",2.0,REPROVADO
2019,Maria Raul,RMDE3651,"Teoria do Design
DOCENTE(S): Marcos Ferreira",5.9,APROVADO
2019,Maria Raul,XERB6119,Gestao de Marcas,4.1,REPROVADO
ANO,Maria Raul,CÓDIGO,DISCIPLINA,NOTA FINAL,SITUAÇÃO CONCEITO
,Maria Raul,,DOCENTE(S): -----------,,
2019,Maria Raul,VMGY1151,"Design de Interacao Tangivel
DOCENTE(S): Rafaela Gomes",5.0,APROVADO
2020,Maria Raul,MAEY1044,"Design Computacional
DOCENTE(S): Maria Santos",9.5,APROVADO POR MÉDIA
2020,Maria Raul,IENT5068,"Design Experimental
DOCENTE(S): Rafaela Gomes",7.5,APROVADO POR MÉDIA
2020,Maria Raul,AOXV5438,"Design de Espacos Virtuais
DOCENTE(S): Pedro Oliveira",9.5,APROVADO POR MÉDIA
2020,Maria Raul,XYOT5349,"Tecnicas de Iluminacao
DOCENTE(S): Gustavo Martins",,REPROVADO POR FALTA
2020,Maria Raul,DZNQ4989,"Design Cenico
DOCENTE(S): Ana Costa",7.0,APROVADO POR MÉDIA
2020,Maria Raul,XERB6119,"Gestao de Marcas
DOCENTE(S): Maria Santos",8.0,APROVADO POR MÉDIA
2021,Maria Raul,DQUN5124,"Comunicacao Visual
DOCENTE(S): Luiz Pereira",7.0,APROVADO POR MÉDIA
2021,Maria Raul,LSHL3127,"Design de Redes Sociais
DOCENTE(S): Larissa Vieira",8.0,APROVADO POR MÉDIA
2021,Maria Raul,XYOT5349,"Tecnicas de Iluminacao
DOCENTE(S): Gustavo Martins",8.0,APROVADO POR MÉDIA
2021,Maria Raul,HILN2052,"Design de Impacto Social
DOCENTE(S): Rafaela Gomes",10.0,APROVADO POR MÉDIA
2021,Maria Raul,,INTEGRALIZADO,,
2022,Maria Raul,,FORMADO,,
2007,Vitor Rafael,OCRQ3517,Storytelling Visual,,REPROVADO POR FALTA
2007,Vitor Rafael,RJGL2456,Design Colaborativo,,REPROVADO POR FALTA
2007,Vitor Rafael,QBWW6998,Computacao Grafica,,REPROVADO POR FALTA
2007,Vitor Rafael,UFMQ0127,Design para Longevidade,,REPROVADO POR FALTA
2007,Vitor Rafael,MKUB0718,Design de Mobiliario,,REPROVADO POR FALTA
2007,Vitor Rafael,BKII1063,Design de Visualizacao de Informacoes,,REPROVADO POR FALTA
2007,Vitor Rafael,RJYZ5864,Identidade Visual,,REPROVADO POR FALTA
2012,Guilhermina Alice,OCRQ3517,Storytelling Visual,,REPROVADO POR FALTA
2012,Guilhermina Alice,RJGL2456,Design Colaborativo,,REPROVADO POR FALTA
2012,Guilhermina Alice,QBWW6998,Computacao Grafica,,REPROVADO POR FALTA
2012,Guilhermina Alice,UFMQ0127,Design para Longevidade,,REPROVADO POR FALTA
2012,Guilhermina Alice,MKUB0718,Design de Mobiliario,,REPROVADO POR FALTA
2012,Guilhermina Alice,BKII1063,Design de Visualizacao de Informacoes,,REPROVADO POR FALTA
2012,Guilhermina Alice,RJYZ5864,Identidade Visual,,REPROVADO POR FALTA
2013,Guilhermina Alice,,DESVINCULADO,,
2007,Fernanda Felipe,OCRQ3517,Storytelling Visual,,REPROVADO POR FALTA
2007,Fernanda Felipe,RJGL2456,Design Colaborativo,,REPROVADO POR FALTA
2007,Fernanda Felipe,QBWW6998,Computacao Grafica,,REPROVADO POR FALTA
2007,Fernanda Felipe,UFMQ0127,Design para Longevidade,,REPROVADO POR FALTA
2007,Fernanda Felipe,MKUB0718,Design de Mobiliario,,REPROVADO POR FALTA
2007,Fernanda Felipe,BKII1063,Design de Visualizacao de Informacoes,,REPROVADO POR FALTA
2007,Fernanda Felipe,RJYZ5864,Identidade Visual,,REPROVADO POR FALTA
2007,Fernanda Felipe,,DESVINCULADO,,
2018,Renato Carolina,OCRQ3517,"Storytelling Visual
DOCENTE(S): Maria Santos",7.25,APROVADO POR MÉDIA
2018,Renato Carolina,RJGL2456,"Design Colaborativo
DOCENTE(S): Fernanda Lima",,REPROVADO POR FALTA
2018,Renato Carolina,QBWW6998,"Computacao Grafica
DOCENTE(S): Marcos Ferreira",9.25,APROVADO POR MÉDIA
2018,Renato Carolina,UFMQ0127,"Design para Longevidade
DOCENTE(S): Marcos Ferreira",,REPROVADO POR FALTA
2018,Renato Carolina,MKUB0718,"Design de Mobiliario
DOCENTE(S): Fernanda Lima",9.5,APROVADO POR MÉDIA
2018,Renato Carolina,BKII1063,"Design de Visualizacao de Informacoes
DOCENTE(S): Andre Almeida",4.68,REPROVADO
2018,Renato Carolina,RJYZ5864,"Identidade Visual
DOCENTE(S): Joao Silva",7.75,APROVADO POR MÉDIA
2018,Renato Carolina,AAZN5771,"Ergonomia
DOCENTE(S): Pedro Oliveira",,REPROVADO POR FALTA
2019,Renato Carolina,,DESVINCULADO,,
2006,Fernando Evelyn,OCRQ3517,Storytelling Visual,9.5,APROVADO POR MÉDIA
2006,Fernando Evelyn,RJGL2456,Design Colaborativo,2.5,REPROVADO
2006,Fernando Evelyn,QBWW6998,Computacao Grafica,8.5,APROVADO POR MÉDIA
2006,Fernando Evelyn,UFMQ0127,Design para Longevidade,8.5,APROVADO POR MÉDIA
2006,Fernando Evelyn,MKUB0718,Design de Mobiliario,10.0,APROVADO POR MÉDIA
2006,Fernando Evelyn,BKII1063,Design de Visualizacao de Informacoes,7.25,APROVADO
2006,Fernando Evelyn,RJYZ5864,Identidade Visual,,APROVADO POR FREQÜÊNCIA
2006,Fernando Evelyn,RJGL2456,Design Colaborativo,6.63,APROVADO
2006,Fernando Evelyn,JGDZ1333,Gamificacao,8.0,APROVADO POR MÉDIA
2006,Fernando Evelyn,NRYN3294,Design de Interfaces Neuromorficas,7.0,APROVADO POR MÉDIA
2006,Fernando Evelyn,NRCI1107,Design de Experiencia em Museus,7.05,APROVADO POR MÉDIA
2006,Fernando Evelyn,AAZN5771,Ergonomia,8.7,APROVADO POR MÉDIA
2007,Fernando Evelyn,DOMK5241,Design de Aprendizado,8.0,APROVADO POR MÉDIA
2007,Fernando Evelyn,ZULH9584,Projeto Integrado,1.35,REPROVADO
2007,Fernando Evelyn,TSYB3211,Impressao 3D,5.25,APROVADO
2007,Fernando Evelyn,VOQA5582,Tipografia,1.75,REPROVADO
2007,Fernando Evelyn,BLDG0260,Design de Joias,9.5,APROVADO POR MÉDIA
2007,Fernando Evelyn,KAWV5083,Branding,10.0,APROVADO POR MÉDIA
2007,Fernando Evelyn,COOQ5695,Design de Interacao em Tempo Real,5.0,APROVADO
2007,Fernando Evelyn,VFBH8799,Design Cibernetico,8.1,APROVADO POR MÉDIA
2007,Fernando Evelyn,UCTK5222,Design de Realidade Aumentada (AR) e Virtual (VR),8.15,APROVADO POR MÉDIA
2007,Fernando Evelyn,JVFQ7338,Design de Interacao Cultural,7.0,APROVADO POR MÉDIA
2007,Fernando Evelyn,TPYC6338,Design Thinking,8.25,APROVADO POR MÉDIA
2007,Fernando Evelyn,QVGO0107,Prototipagem em Papel,4.75,REPROVADO
2007,Fernando Evelyn,LERH6635,Design de Produto,8.25,APROVADO POR MÉDIA
2008,Fernando Evelyn,MAEY1044,Design Computacional,5.02,APROVADO
2008,Fernando Evelyn,ZULH9584,Projeto Integrado,1.75,REPROVADO
2008,Fernando Evelyn,WPUV3332,Design de Tecnologia Vestivel (Wearable),9.0,APROVADO POR MÉDIA
2008,Fernando Evelyn,QVGO0107,Prototipagem em Papel,4.43,REPROVADO
2008,Fernando Evelyn,RRME1020,Design Parametrico,5.18,APROVADO
2008,Fernando Evelyn,ZULH9584,Projeto Integrado,,REPROVADO POR FALTA
2008,Fernando Evelyn,BMDH7993,Design de Apresentacoes,7.0,APROVADO POR MÉDIA
2008,Fernando Evelyn,DZNQ4989,Design Cenico,3.13,REPROVADO
2008,Fernando Evelyn,MXMO8868,Cultura Visual,9.5,APROVADO POR MÉDIA
2008,Fernando Evelyn,RMDE3651,Teoria do Design,7.0,APROVADO POR MÉDIA
2008,Fernando Evelyn,QVGO0107,Prototipagem em Papel,4.75,REPROVADO
2008,Fernando Evelyn,UXMU2899,Interacao Tangivel,,APROVADO POR FREQÜÊNCIA
2008,Fernando Evelyn,TRQX5862,Etica em Design,8.0,APROVADO POR MÉDIA
2009,Fernando Evelyn,NGVU3526,Ecodesign,7.0,APROVADO POR MÉDIA
2009,Fernando Evelyn,JJNT2088,Manipulacao de Imagem,3.0,REPROVADO
2009,Fernando Evelyn,VOQA5582,Tipografia,8.0,APROVADO POR MÉDIA
2009,Fernando Evelyn,AOXV5438,Design de Espacos Virtuais,9.02,APROVADO POR MÉDIA
2009,Fernando Evelyn,ZULH9584,Projeto Integrado,6.25,APROVADO
2010,Fernando Evelyn,JJNT2088,Manipulacao de Imagem,,REPROVADO POR FALTA
ANO,Fernando Evelyn,CÓDIGO,DISCIPLINA,NOTA FINAL,SITUAÇÃO CONCEITO
2010,Fernando Evelyn,DZNQ4989,Design Cenico,,REPROVADO POR FALTA
2010,Fernando Evelyn,VMGY1151,Design de Interacao Tangivel,,REPROVADO POR FALTA
2010,Fernando Evelyn,PBCQ5148,Design de Impressao e Publicacao,,REPROVADO POR FALTA
2010,Fernando Evelyn,,TRANCAMENTO,,
2011,Fernando Evelyn,,DESVINCULADO,,
2013,Elisa Valentina,OCRQ3517,Storytelling Visual,7.0,APROVADO POR MÉDIA
2013,Elisa Valentina,RJGL2456,Design Colaborativo,5.47,APROVADO
2013,Elisa Valentina,QBWW6998,Computacao Grafica,9.5,APROVADO POR MÉDIA
2013,Elisa Valentina,UFMQ0127,Design para Longevidade,3.5,REPROVADO
2013,Elisa Valentina,MKUB0718,Design de Mobiliario,,APROVADO POR FREQÜÊNCIA
2013,Elisa Valentina,BKII1063,Design de Visualizacao de Informacoes,5.3,APROVADO
2013,Elisa Valentina,RJYZ5864,Identidade Visual,8.25,APROVADO POR MÉDIA
2013,Elisa Valentina,DOMK5241,Design de Aprendizado,8.25,APROVADO POR MÉDIA
2013,Elisa Valentina,ZULH9584,Projeto Integrado,6.47,APROVADO
2013,Elisa Valentina,WPUV3332,Design de Tecnologia Vestivel (Wearable),5.57,APROVADO
2013,Elisa Valentina,UFMQ0127,Design para Longevidade,5.88,APROVADO
2013,Elisa Valentina,NRYN3294,Design de Interfaces Neuromorficas,7.25,APROVADO POR MÉDIA
2013,Elisa Valentina,NRCI1107,Design de Experiencia em Museus,6.13,APROVADO
2013,Elisa Valentina,BLDG0260,Design de Joias,4.63,REPROVADO
2013,Elisa Valentina,AAZN5771,Ergonomia,9.0,APROVADO POR MÉDIA
2014,Elisa Valentina,JJNT2088,Manipulacao de Imagem,4.3,REPROVADO
2014,Elisa Valentina,JGDZ1333,Gamificacao,7.25,APROVADO POR MÉDIA
2014,Elisa Valentina,TSYB3211,Impressao 3D,9.0,APROVADO POR MÉDIA
2014,Elisa Valentina,VOQA5582,Tipografia,6.05,APROVADO
2014,Elisa Valentina,BLDG0260,Design de Joias,5.03,APROVADO
2014,Elisa Valentina,FZLO1427,Marketing de Produto,3.83,REPROVADO
2014,Elisa Valentina,KAWV5083,Branding,4.13,REPROVADO
2014,Elisa Valentina,NGVU3526,Ecodesign,7.15,APROVADO POR MÉDIA
2014,Elisa Valentina,COOQ5695,Design de Interacao em Tempo Real,7.0,APROVADO POR MÉDIA
2014,Elisa Valentina,VFBH8799,Design Cibernetico,4.28,REPROVADO
2014,Elisa Valentina,JJNT2088,Manipulacao de Imagem,,REPROVADO POR FALTA
2014,Elisa Valentina,UCTK5222,Design de Realidade Aumentada (AR) e Virtual (VR),10.0,APROVADO POR MÉDIA
2014,Elisa Valentina,JVFQ7338,Design de Interacao Cultural,3.0,REPROVADO
2014,Elisa Valentina,QVGO0107,Prototipagem em Papel,8.0,APROVADO POR MÉDIA
2014,Elisa Valentina,FZLO1427,Marketing de Produto,7.04,APROVADO POR MÉDIA
2014,Elisa Valentina,KAWV5083,Branding,7.0,APROVADO POR MÉDIA
2015,Elisa Valentina,VFBH8799,Design Cibernetico,8.65,APROVADO POR MÉDIA
2015,Elisa Valentina,JJNT2088,Manipulacao de Imagem,4.25,REPROVADO
2015,Elisa Valentina,SATJ7970,Design de Narrativa Espacial,7.75,APROVADO POR MÉDIA
2015,Elisa Valentina,JVFQ7338,Design de Interacao Cultural,5.13,APROVADO
2015,Elisa Valentina,TPYC6338,Design Thinking,5.0,APROVADO
2015,Elisa Valentina,KZBU0327,Design de Interacao Corporal,,REPROVADO POR FALTA
2015,Elisa Valentina,XERB6119,Gestao de Marcas,,REPROVADO POR FALTA
2015,Elisa Valentina,LERH6635,Design de Produto,8.5,APROVADO POR MÉDIA
2015,Elisa Valentina,AOXV5438,Design de Espacos Virtuais,8.3,APROVADO POR MÉDIA
2015,Elisa Valentina,RRME1020,Design Parametrico,,REPROVADO POR FALTA
2015,Elisa Valentina,MAEY1044,Design Computacional,,REPROVADO POR FALTA
2015,Elisa Valentina,IENT5068,Design Experimental,8.65,APROVADO POR MÉDIA
2015,Elisa Valentina,DZNQ4989,Design Cenico,5.03,APROVADO
2015,Elisa Valentina,KZBU0327,Design de Interacao Corporal,7.0,APROVADO POR MÉDIA
2015,Elisa Valentina,XERB6119,Gestao de Marcas,4.22,REPROVADO
2015,Elisa Valentina,RRME1020,Design Parametrico,6.95,APROVADO
ANO,Elisa Valentina,CÓDIGO,DISCIPLINA,NOTA FINAL,SITUAÇÃO CONCEITO
2015,Elisa Valentina,TRQX5862,Etica em Design,8.75,APROVADO POR MÉDIA
2016,Elisa Valentina,MAEY1044,Design Computacional,3.28,REPROVADO
2016,Elisa Valentina,HQDD9963,Design Sonoro,,REPROVADO POR FALTA
2016,Elisa Valentina,JJNT2088,Manipulacao de Imagem,,REPROVADO POR FALTA
2016,Elisa Valentina,BMDH7993,Design de Apresentacoes,7.0,APROVADO POR MÉDIA
2016,Elisa Valentina,RVMF0745,Design Biomimetico,10.0,APROVADO POR MÉDIA
2016,Elisa Valentina,LLKP8902,Design Digital,,REPROVADO POR FALTA
2016,Elisa Valentina,MXMO8868,Cultura Visual,7.0,APROVADO POR MÉDIA
2016,Elisa Valentina,RMDE3651,Teoria do Design,,REPROVADO POR FALTA
2016,Elisa Valentina,XERB6119,Gestao de Marcas,6.0,APROVADO
2016,Elisa Valentina,TLQG8423,Design Biofilico,7.5,APROVADO POR MÉDIA
2016,Elisa Valentina,UXMU2899,Interacao Tangivel,8.0,APROVADO POR MÉDIA
2016,Elisa Valentina,TOZF3011,SemiÃ³tica,10.0,APROVADO POR MÉDIA
2016,Elisa Valentina,HQDD9963,Design Sonoro,5.75,APROVADO
2016,Elisa Valentina,JJNT2088,Manipulacao de Imagem,7.0,APROVADO POR MÉDIA
2016,Elisa Valentina,LLKP8902,Design Digital,9.25,APROVADO POR MÉDIA
2016,Elisa Valentina,RMDE3651,Teoria do Design,,REPROVADO POR FALTA
2016,Elisa Valentina,WWGS2880,Design de Realidade Hibrida,4.0,REPROVADO
2016,Elisa Valentina,DQUN5124,Comunicacao Visual,10.0,APROVADO POR MÉDIA
2016,Elisa Valentina,NVRL4030,Materiais e Processos,7.0,APROVADO POR MÉDIA
2016,Elisa Valentina,LSHL3127,Design de Redes Sociais,5.24,APROVADO
2016,Elisa Valentina,PBCQ5148,Design de Impressao e Publicacao,,REPROVADO POR FALTA
2017,Elisa Valentina,MAEY1044,Design Computacional,4.03,REPROVADO
2017,Elisa Valentina,TWIP0018,Teoria da Cor,7.0,APROVADO POR MÉDIA
2017,Elisa Valentina,RMDE3651,Teoria do Design,5.13,APROVADO
2017,Elisa Valentina,VMGY1151,Design de Interacao Tangivel,3.5,REPROVADO
2017,Elisa Valentina,VNBQ5535,Design de Moda,9.0,APROVADO POR MÉDIA
2017,Elisa Valentina,XYOT5349,Tecnicas de Iluminacao,9.0,APROVADO POR MÉDIA
2017,Elisa Valentina,VMGY1151,Design de Interacao Tangivel,,REPROVADO POR FALTA
2018,Elisa Valentina,MAEY1044,"Design Computacional
DOCENTE(S): Maria Santos",7.1,APROVADO POR MÉDIA
2018,Elisa Valentina,VMGY1151,"Design de Interacao Tangivel
DOCENTE(S): Rafaela Gomes",5.68,APROVADO
2018,Elisa Valentina,,INTEGRALIZADO,,
2019,Elisa Valentina,,FORMADO,,
2008,Elisa Valentina,OCRQ3517,Storytelling Visual,,REPROVADO POR FALTA
2008,Elisa Valentina,RJGL2456,Design Colaborativo,,REPROVADO POR FALTA
2008,Elisa Valentina,QBWW6998,Computacao Grafica,,REPROVADO POR FALTA
2008,Elisa Valentina,UFMQ0127,Design para Longevidade,,REPROVADO POR FALTA
2008,Elisa Valentina,MKUB0718,Design de Mobiliario,,REPROVADO POR FALTA
2008,Elisa Valentina,BKII1063,Design de Visualizacao de Informacoes,,REPROVADO POR FALTA
2008,Elisa Valentina,RJYZ5864,Identidade Visual,,REPROVADO POR FALTA
2010,Elisa Valentina,,DESVINCULADO,,
2011,Elisa Valentina,OCRQ3517,Storytelling Visual,,REPROVADO POR FALTA
2011,Elisa Valentina,RJGL2456,Design Colaborativo,,REPROVADO POR FALTA
2011,Elisa Valentina,QBWW6998,Computacao Grafica,,REPROVADO POR FALTA
2011,Elisa Valentina,UFMQ0127,Design para Longevidade,,REPROVADO POR FALTA
2011,Elisa Valentina,MKUB0718,Design de Mobiliario,,REPROVADO POR FALTA
2011,Elisa Valentina,BKII1063,Design de Visualizacao de Informacoes,,REPROVADO POR FALTA
2011,Elisa Valentina,RJYZ5864,Identidade Visual,,REPROVADO POR FALTA
2012,Elisa Valentina,,DESVINCULADO,,
2012,Elisa Valentina,OCRQ3517,Storytelling Visual,,REPROVADO POR FALTA
2012,Elisa Valentina,RJGL2456,Design Colaborativo,,REPROVADO POR FALTA
2012,Elisa Valentina,QBWW6998,Computacao Grafica,,REPROVADO POR FALTA
2012,Elisa Valentina,UFMQ0127,Design para Longevidade,,REPROVADO POR FALTA
2012,Elisa Valentina,MKUB0718,Design de Mobiliario,,REPROVADO POR FALTA
2012,Elisa Valentina,BKII1063,Design de Visualizacao de Informacoes,,REPROVADO POR FALTA
2012,Elisa Valentina,RJYZ5864,Identidade Visual,,REPROVADO POR FALTA
2013,Elisa Valentina,,DESVINCULADO,,
2013,Elisa Valentina,OCRQ3517,Storytelling Visual,5.9,APROVADO
2013,Elisa Valentina,RJGL2456,Design Colaborativo,3.51,REPROVADO
2013,Elisa Valentina,QBWW6998,Computacao Grafica,8.5,APROVADO POR MÉDIA
2013,Elisa Valentina,UFMQ0127,Design para Longevidade,6.13,APROVADO
2013,Elisa Valentina,MKUB0718,Design de Mobiliario,,APROVADO POR FREQÜÊNCIA
2013,Elisa Valentina,BKII1063,Design de Visualizacao de Informacoes,5.47,APROVADO
2013,Elisa Valentina,RJYZ5864,Identidade Visual,8.75,APROVADO POR MÉDIA
2014,Elisa Valentina,RJGL2456,Design Colaborativo,7.0,APROVADO POR MÉDIA
2014,Elisa Valentina,NRYN3294,Design de Interfaces Neuromorficas,7.45,APROVADO
2014,Elisa Valentina,NRCI1107,Design de Experiencia em Museus,8.93,APROVADO POR MÉDIA
2014,Elisa Valentina,MXMO8868,Cultura Visual,9.0,APROVADO POR MÉDIA
2014,Elisa Valentina,AAZN5771,Ergonomia,,REPROVADO POR FALTA
2014,Elisa Valentina,DOMK5241,Design de Aprendizado,4.05,REPROVADO
2014,Elisa Valentina,JJNT2088,Manipulacao de Imagem,9.0,APROVADO POR MÉDIA
2014,Elisa Valentina,ZULH9584,Projeto Integrado,2.3,REPROVADO
2014,Elisa Valentina,JGDZ1333,Gamificacao,8.5,APROVADO POR MÉDIA
2014,Elisa Valentina,TSYB3211,Impressao 3D,9.25,APROVADO POR MÉDIA
2014,Elisa Valentina,VOQA5582,Tipografia,8.4,APROVADO POR MÉDIA
2014,Elisa Valentina,BLDG0260,Design de Joias,7.0,APROVADO POR MÉDIA
2014,Elisa Valentina,AAZN5771,Ergonomia,,REPROVADO POR FALTA
2015,Elisa Valentina,COOQ5695,Design de Interacao em Tempo Real,7.0,APROVADO POR MÉDIA
2015,Elisa Valentina,VFBH8799,Design Cibernetico,8.4,APROVADO POR MÉDIA
2015,Elisa Valentina,UCTK5222,Design de Realidade Aumentada (AR) e Virtual (VR),9.0,APROVADO POR MÉDIA
2015,Elisa Valentina,JVFQ7338,Design de Interacao Cultural,6.13,APROVADO
2015,Elisa Valentina,QVGO0107,Prototipagem em Papel,9.0,APROVADO POR MÉDIA
2015,Elisa Valentina,KAWV5083,Branding,9.5,APROVADO POR MÉDIA
2015,Elisa Valentina,DOMK5241,Design de Aprendizado,,REPROVADO POR FALTA
2015,Elisa Valentina,ZULH9584,Projeto Integrado,5.07,APROVADO
2015,Elisa Valentina,WPUV3332,Design de Tecnologia Vestivel (Wearable),5.0,APROVADO
2015,Elisa Valentina,BMDH7993,Design de Apresentacoes,7.0,APROVADO POR MÉDIA
2015,Elisa Valentina,TPYC6338,Design Thinking,7.55,APROVADO POR MÉDIA
2015,Elisa Valentina,AAZN5771,Ergonomia,7.0,APROVADO POR MÉDIA
2015,Elisa Valentina,KZBU0327,Design de Interacao Corporal,,REPROVADO POR FALTA
2015,Elisa Valentina,LERH6635,Design de Produto,,REPROVADO POR FALTA
2015,Elisa Valentina,RRME1020,Design Parametrico,,REPROVADO POR FALTA
2016,Elisa Valentina,MAEY1044,Design Computacional,,REPROVADO POR FALTA
2016,Elisa Valentina,SATJ7970,Design de Narrativa Espacial,,REPROVADO POR FALTA
2016,Elisa Valentina,LLKP8902,Design Digital,,REPROVADO POR FALTA
2016,Elisa Valentina,FZLO1427,Marketing de Produto,,REPROVADO POR FALTA
2016,Elisa Valentina,UXMU2899,Interacao Tangivel,,REPROVADO POR FALTA
2016,Elisa Valentina,AOXV5438,Design de Espacos Virtuais,,REPROVADO POR FALTA
2016,Elisa Valentina,NGVU3526,Ecodesign,,REPROVADO POR FALTA
2016,Elisa Valentina,DOMK5241,Design de Aprendizado,,REPROVADO POR FALTA
2016,Elisa Valentina,RMDE3651,Teoria do Design,,REPROVADO POR FALTA
2016,Elisa Valentina,UXMU2899,Interacao Tangivel,,REPROVADO POR FALTA
2016,Elisa Valentina,LERH6635,Design de Produto,,REPROVADO POR FALTA
ANO,Elisa Valentina,CÓDIGO,DISCIPLINA,NOTA FINAL,SITUAÇÃO CONCEITO
2017,Elisa Valentina,,DESVINCULADO,,
2005,Elisa Valentina,OCRQ3517,Storytelling Visual,8.13,APROVADO POR MÉDIA
2005,Elisa Valentina,RJGL2456,Design Colaborativo,4.15,REPROVADO
2005,Elisa Valentina,QBWW6998,Computacao Grafica,,REPROVADO POR FALTA
2005,Elisa Valentina,UFMQ0127,Design para Longevidade,5.0,APROVADO
2005,Elisa Valentina,MKUB0718,Design de Mobiliario,,REPROVADO POR FALTA
2005,Elisa Valentina,BKII1063,Design de Visualizacao de Informacoes,1.2,REPROVADO
2005,Elisa Valentina,RJYZ5864,Identidade Visual,3.5,REPROVADO
2006,Elisa Valentina,RJGL2456,Design Colaborativo,5.0,APROVADO
2006,Elisa Valentina,JGDZ1333,Gamificacao,7.25,APROVADO POR MÉDIA
2006,Elisa Valentina,BKII1063,Design de Visualizacao de Informacoes,0.5,REPROVADO
2006,Elisa Valentina,RJYZ5864,Identidade Visual,,APROVADO POR FREQÜÊNCIA
2006,Elisa Valentina,DOMK5241,Design de Aprendizado,,REPROVADO POR FALTA
2006,Elisa Valentina,ZULH9584,Projeto Integrado,,REPROVADO POR FALTA
2006,Elisa Valentina,WPUV3332,Design de Tecnologia Vestivel (Wearable),,CANCELADO COM ONUS
2006,Elisa Valentina,BKII1063,Design de Visualizacao de Informacoes,,REPROVADO POR FALTA
2006,Elisa Valentina,AAZN5771,Ergonomia,,REPROVADO POR FALTA
2007,Elisa Valentina,,DESVINCULADO,,
2009,Elisa Valentina,,DESLIGAMENTO,,
2006,Renato Rafael,OCRQ3517,Storytelling Visual,8.25,APROVADO POR MÉDIA
2006,Renato Rafael,RJGL2456,Design Colaborativo,2.0,REPROVADO
2006,Renato Rafael,QBWW6998,Computacao Grafica,7.95,APROVADO POR MÉDIA
2006,Renato Rafael,UFMQ0127,Design para Longevidade,4.0,REPROVADO
2006,Renato Rafael,MKUB0718,Design de Mobiliario,9.25,APROVADO POR MÉDIA
2006,Renato Rafael,BKII1063,Design de Visualizacao de Informacoes,1.0,REPROVADO
2006,Renato Rafael,RJYZ5864,Identidade Visual,,APROVADO POR FREQÜÊNCIA
2006,Renato Rafael,RJGL2456,Design Colaborativo,5.18,APROVADO
2006,Renato Rafael,UFMQ0127,Design para Longevidade,5.0,APROVADO
2006,Renato Rafael,JGDZ1333,Gamificacao,7.25,APROVADO POR MÉDIA
2006,Renato Rafael,BKII1063,Design de Visualizacao de Informacoes,7.75,APROVADO POR MÉDIA
2006,Renato Rafael,AAZN5771,Ergonomia,7.13,APROVADO POR MÉDIA
2007,Renato Rafael,DOMK5241,Design de Aprendizado,8.0,APROVADO POR MÉDIA
2007,Renato Rafael,ZULH9584,Projeto Integrado,2.0,REPROVADO
2007,Renato Rafael,WPUV3332,Design de Tecnologia Vestivel (Wearable),7.0,APROVADO
2007,Renato Rafael,NRYN3294,Design de Interfaces Neuromorficas,8.5,APROVADO POR MÉDIA
2007,Renato Rafael,NRCI1107,Design de Experiencia em Museus,8.0,APROVADO POR MÉDIA
2007,Renato Rafael,JJNT2088,Manipulacao de Imagem,5.38,APROVADO
2007,Renato Rafael,ZULH9584,Projeto Integrado,5.0,APROVADO
2007,Renato Rafael,TPYC6338,Design Thinking,7.5,APROVADO POR MÉDIA
2007,Renato Rafael,TSYB3211,Impressao 3D,5.0,APROVADO
2007,Renato Rafael,VOQA5582,Tipografia,8.0,APROVADO POR MÉDIA
2007,Renato Rafael,BLDG0260,Design de Joias,5.68,APROVADO
2008,Renato Rafael,NGVU3526,Ecodesign,8.25,APROVADO POR MÉDIA
2008,Renato Rafael,COOQ5695,Design de Interacao em Tempo Real,5.0,APROVADO
2008,Renato Rafael,VFBH8799,Design Cibernetico,8.7,APROVADO POR MÉDIA
2008,Renato Rafael,UCTK5222,Design de Realidade Aumentada (AR) e Virtual (VR),3.43,REPROVADO
2008,Renato Rafael,JVFQ7338,Design de Interacao Cultural,5.0,APROVADO
2008,Renato Rafael,QVGO0107,Prototipagem em Papel,4.5,REPROVADO
2008,Renato Rafael,UXMU2899,Interacao Tangivel,,APROVADO POR FREQÜÊNCIA
2008,Renato Rafael,MAEY1044,Design Computacional,6.0,APROVADO
2008,Renato Rafael,QVGO0107,Prototipagem em Papel,2.88,REPROVADO
2008,Renato Rafael,FZLO1427,Marketing de Produto,8.75,APROVADO POR MÉDIA
2009,Renato Rafael,IENT5068,Design Experimental,5.0,APROVADO
2009,Renato Rafael,XERB6119,Gestao de Marcas,9.25,APROVADO POR MÉDIA
2009,Renato Rafael,KAWV5083,Branding,7.65,APROVADO POR MÉDIA
2009,Renato Rafael,RRME1020,Design Parametrico,5.68,APROVADO
2009,Renato Rafael,TOZF3011,SemiÃ³tica,9.0,APROVADO POR MÉDIA
2009,Renato Rafael,HQDD9963,Design Sonoro,7.25,APROVADO POR MÉDIA
2009,Renato Rafael,UCTK5222,Design de Realidade Aumentada (AR) e Virtual (VR),8.25,APROVADO POR MÉDIA
2009,Renato Rafael,RMDE3651,Teoria do Design,5.13,APROVADO
2009,Renato Rafael,DQUN5124,Comunicacao Visual,10.0,APROVADO POR MÉDIA
2009,Renato Rafael,LSHL3127,Design de Redes Sociais,9.35,APROVADO POR MÉDIA
2010,Renato Rafael,MXMO8868,Cultura Visual,8.5,APROVADO POR MÉDIA
ANO,Renato Rafael,CÓDIGO,DISCIPLINA,NOTA FINAL,SITUAÇÃO CONCEITO
2010,Renato Rafael,QVGO0107,Prototipagem em Papel,7.0,APROVADO POR MÉDIA
2010,Renato Rafael,LERH6635,Design de Produto,8.75,APROVADO POR MÉDIA
2010,Renato Rafael,VMGY1151,Design de Interacao Tangivel,9.0,APROVADO POR MÉDIA
2010,Renato Rafael,AOXV5438,Design de Espacos Virtuais,8.45,APROVADO POR MÉDIA
2010,Renato Rafael,BMDH7993,Design de Apresentacoes,8.5,APROVADO POR MÉDIA
2010,Renato Rafael,SATJ7970,Design de Narrativa Espacial,8.2,APROVADO POR MÉDIA
2010,Renato Rafael,LLKP8902,Design Digital,8.1,APROVADO POR MÉDIA
2010,Renato Rafael,DZNQ4989,Design Cenico,9.5,APROVADO POR MÉDIA
2010,Renato Rafael,WWGS2880,Design de Realidade Hibrida,9.75,APROVADO POR MÉDIA
2010,Renato Rafael,MDQZ6072,Design de Jogos,6.63,APROVADO
2010,Renato Rafael,PPDN7220,Modelagem 3D,9.0,APROVADO POR MÉDIA
2010,Renato Rafael,KZBU0327,Design de Interacao Corporal,9.0,APROVADO POR MÉDIA
2010,Renato Rafael,TRQX5862,Etica em Design,7.5,APROVADO POR MÉDIA
2011,Renato Rafael,RVMF0745,Design Biomimetico,8.3,APROVADO POR MÉDIA
2011,Renato Rafael,TWIP0018,Teoria da Cor,8.25,APROVADO POR MÉDIA
2011,Renato Rafael,XYOT5349,Tecnicas de Iluminacao,,REPROVADO POR FALTA
2011,Renato Rafael,XYOT5349,Tecnicas de Iluminacao,9.5,APROVADO POR MÉDIA
2011,Renato Rafael,,INTEGRALIZADO,,
2011,Renato Rafael,,FORMADO,,
2012,Renato Luciana,OCRQ3517,Storytelling Visual,5.94,APROVADO
2012,Renato Luciana,RJGL2456,Design Colaborativo,2.55,REPROVADO
2012,Renato Luciana,QBWW6998,Computacao Grafica,9.75,APROVADO POR MÉDIA
2012,Renato Luciana,UFMQ0127,Design para Longevidade,8.0,APROVADO POR MÉDIA
2012,Renato Luciana,MKUB0718,Design de Mobiliario,,APROVADO POR FREQÜÊNCIA
2012,Renato Luciana,BKII1063,Design de Visualizacao de Informacoes,1.75,REPROVADO
2012,Renato Luciana,RJYZ5864,Identidade Visual,8.75,APROVADO POR MÉDIA
2013,Renato Luciana,RJGL2456,Design Colaborativo,6.13,APROVADO
2013,Renato Luciana,BKII1063,Design de Visualizacao de Informacoes,8.5,APROVADO POR MÉDIA
2013,Renato Luciana,MXMO8868,Cultura Visual,8.0,APROVADO POR MÉDIA
2013,Renato Luciana,AAZN5771,Ergonomia,6.07,APROVADO
2013,Renato Luciana,DOMK5241,Design de Aprendizado,8.0,APROVADO POR MÉDIA
2013,Renato Luciana,ZULH9584,Projeto Integrado,4.15,REPROVADO
2013,Renato Luciana,WPUV3332,Design de Tecnologia Vestivel (Wearable),4.1,REPROVADO
2013,Renato Luciana,BMDH7993,Design de Apresentacoes,7.25,APROVADO POR MÉDIA
2013,Renato Luciana,JGDZ1333,Gamificacao,7.0,APROVADO POR MÉDIA
2013,Renato Luciana,NRYN3294,Design de Interfaces Neuromorficas,,REPROVADO POR FALTA
2013,Renato Luciana,NRCI1107,Design de Experiencia em Museus,7.5,APROVADO POR MÉDIA
2013,Renato Luciana,BLDG0260,Design de Joias,7.25,APROVADO POR MÉDIA
2013,Renato Luciana,KAWV5083,Branding,6.25,APROVADO
2014,Renato Luciana,ZULH9584,Projeto Integrado,5.0,APROVADO
2014,Renato Luciana,WPUV3332,Design de Tecnologia Vestivel (Wearable),7.5,APROVADO POR MÉDIA
2014,Renato Luciana,NRYN3294,Design de Interfaces Neuromorficas,,REPROVADO POR FALTA
2014,Renato Luciana,VOQA5582,Tipografia,3.33,REPROVADO
2014,Renato Luciana,UXMU2899,Interacao Tangivel,8.0,APROVADO POR MÉDIA
2014,Renato Luciana,LERH6635,Design de Produto,7.35,APROVADO POR MÉDIA
2014,Renato Luciana,COOQ5695,Design de Interacao em Tempo Real,8.25,APROVADO POR MÉDIA
2014,Renato Luciana,NRYN3294,Design de Interfaces Neuromorficas,7.0,APROVADO POR MÉDIA
2014,Renato Luciana,FZLO1427,Marketing de Produto,7.68,APROVADO POR MÉDIA
2014,Renato Luciana,TRQX5862,Etica em Design,8.5,APROVADO POR MÉDIA
2015,Renato Luciana,HQDD9963,Design Sonoro,8.5,APROVADO POR MÉDIA
2015,Renato Luciana,TSYB3211,Impressao 3D,5.13,APROVADO
2015,Renato Luciana,RMDE3651,Teoria do Design,5.5,APROVADO
2015,Renato Luciana,XERB6119,Gestao de Marcas,5.24,APROVADO
2015,Renato Luciana,TOZF3011,SemiÃ³tica,10.0,APROVADO POR MÉDIA
2015,Renato Luciana,VFBH8799,Design Cibernetico,8.25,APROVADO POR MÉDIA
2015,Renato Luciana,JVFQ7338,Design de Interacao Cultural,7.0,APROVADO POR MÉDIA
2015,Renato Luciana,QVGO0107,Prototipagem em Papel,7.25,APROVADO POR MÉDIA
2015,Renato Luciana,DQUN5124,Comunicacao Visual,8.5,APROVADO POR MÉDIA
2015,Renato Luciana,RRME1020,Design Parametrico,,REPROVADO POR FALTA
2016,Renato Luciana,MAEY1044,Design Computacional,4.93,REPROVADO
2016,Renato Luciana,SATJ7970,Design de Narrativa Espacial,8.75,APROVADO POR MÉDIA
2016,Renato Luciana,LLKP8902,Design Digital,5.75,APROVADO
2016,Renato Luciana,VOQA5582,Tipografia,5.15,APROVADO
2016,Renato Luciana,KZBU0327,Design de Interacao Corporal,7.0,APROVADO POR MÉDIA
ANO,Renato Luciana,CÓDIGO,DISCIPLINA,NOTA FINAL,SITUAÇÃO CONCEITO
2016,Renato Luciana,RRME1020,Design Parametrico,8.13,APROVADO POR MÉDIA
2016,Renato Luciana,JJNT2088,Manipulacao de Imagem,,REPROVADO POR FALTA
2016,Renato Luciana,UCTK5222,Design de Realidade Aumentada (AR) e Virtual (VR),,REPROVADO POR FALTA
2016,Renato Luciana,TWIP0018,Teoria da Cor,7.75,APROVADO POR MÉDIA
2016,Renato Luciana,DZNQ4989,Design Cenico,6.8,APROVADO
2016,Renato Luciana,PBCQ5148,Design de Impressao e Publicacao,7.5,APROVADO POR MÉDIA
2016,Renato Luciana,VNBQ5535,Design de Moda,8.0,APROVADO POR MÉDIA
2017,Renato Luciana,MAEY1044,Design Computacional,6.32,APROVADO
2017,Renato Luciana,JJNT2088,Manipulacao de Imagem,2.5,REPROVADO
2017,Renato Luciana,TPYC6338,Design Thinking,7.5,APROVADO POR MÉDIA
2017,Renato Luciana,IENT5068,Design Experimental,9.0,APROVADO POR MÉDIA
2017,Renato Luciana,VMGY1151,Design de Interacao Tangivel,7.5,APROVADO POR MÉDIA
2017,Renato Luciana,LSHL3127,Design de Redes Sociais,8.27,APROVADO POR MÉDIA
2017,Renato Luciana,NGVU3526,Ecodesign,7.15,APROVADO POR MÉDIA
2017,Renato Luciana,UCTK5222,Design de Realidade Aumentada (AR) e Virtual (VR),7.5,APROVADO POR MÉDIA
2017,Renato Luciana,RVMF0745,Design Biomimetico,,REPROVADO POR FALTA
2017,Renato Luciana,MDQZ6072,Design de Jogos,7.5,APROVADO POR MÉDIA
2018,Renato Luciana,JJNT2088,Manipulacao de Imagem,,REPROVADO POR FALTA
2018,Renato Luciana,RVMF0745,"Design Biomimetico
DOCENTE(S): Carla Souza
DOCENTE(S): -----------.",8.0,APROVADO POR MÉDIA
2018,Renato Luciana,AOXV5438,"Design de Espacos Virtuais
DOCENTE(S): Pedro Oliveira",8.85,APROVADO POR MÉDIA
2018,Renato Luciana,XYOT5349,"Tecnicas de Iluminacao
DOCENTE(S): Gustavo Martins",,REPROVADO POR FALTA
2019,Renato Luciana,JJNT2088,"Manipulacao de Imagem
DOCENTE(S): Diego Cardoso",9.05,APROVADO POR MÉDIA
2019,Renato Luciana,XYOT5349,"Tecnicas de Iluminacao
DOCENTE(S): Gustavo Martins",,REPROVADO POR FALTA
2019,Renato Luciana,XYOT5349,"Tecnicas de Iluminacao
DOCENTE(S): Gustavo Martins",,REPROVADO POR FALTA
2020,Renato Luciana,XYOT5349,"Tecnicas de Iluminacao
DOCENTE(S): Gustavo Martins",9.3,APROVADO POR MÉDIA
2020,Renato Luciana,,INTEGRALIZADO,,
2020,Renato Luciana,,FORMADO,,
2007,Evelyn Vinicius,OCRQ3517,Storytelling Visual,7.75,APROVADO POR MÉDIA
2007,Evelyn Vinicius,RJGL2456,Design Colaborativo,7.5,APROVADO POR MÉDIA
2007,Evelyn Vinicius,QBWW6998,Computacao Grafica,7.75,APROVADO POR MÉDIA
2007,Evelyn Vinicius,UFMQ0127,Design para Longevidade,8.0,APROVADO POR MÉDIA
2007,Evelyn Vinicius,MKUB0718,Design de Mobiliario,10.0,APROVADO POR MÉDIA
2007,Evelyn Vinicius,BKII1063,Design de Visualizacao de Informacoes,4.43,REPROVADO
2007,Evelyn Vinicius,RJYZ5864,Identidade Visual,8.0,APROVADO POR MÉDIA
2008,Evelyn Vinicius,DOMK5241,Design de Aprendizado,7.0,APROVADO POR MÉDIA
2008,Evelyn Vinicius,ZULH9584,Projeto Integrado,2.63,REPROVADO
2008,Evelyn Vinicius,WPUV3332,Design de Tecnologia Vestivel (Wearable),10.0,APROVADO POR MÉDIA
2008,Evelyn Vinicius,TPYC6338,Design Thinking,6.68,APROVADO
2008,Evelyn Vinicius,BKII1063,Design de Visualizacao de Informacoes,8.0,APROVADO POR MÉDIA
2008,Evelyn Vinicius,MXMO8868,Cultura Visual,9.15,APROVADO POR MÉDIA
2008,Evelyn Vinicius,AAZN5771,Ergonomia,7.0,APROVADO POR MÉDIA
2008,Evelyn Vinicius,NGVU3526,Ecodesign,,REPROVADO POR FALTA
2008,Evelyn Vinicius,ZULH9584,Projeto Integrado,,REPROVADO POR FALTA
2008,Evelyn Vinicius,JGDZ1333,Gamificacao,,REPROVADO POR FALTA
2008,Evelyn Vinicius,NRYN3294,Design de Interfaces Neuromorficas,,REPROVADO POR FALTA
2008,Evelyn Vinicius,NRCI1107,Design de Experiencia em Museus,,REPROVADO POR FALTA
2008,Evelyn Vinicius,BLDG0260,Design de Joias,,REPROVADO POR FALTA
2008,Evelyn Vinicius,KAWV5083,Branding,,REPROVADO POR FALTA
2009,Evelyn Vinicius,,DESLIGAMENTO,,
