ano,nome,codigo,disciplina,nota,situacao
2005,Cecilia Nathanael,OCRQ3517,Storytelling Visual,5.32,APROVADO
2005,Cecilia Nathanael,RJGL2456,Design Colaborativo,6.8,APROVADO
2005,Cecilia Nathanael,QBWW6998,Computacao Grafica,8.0,APROVADO POR MÉDIA
2005,Cecilia Nathanael,UFMQ0127,Design para Longevidade,2.63,REPROVADO
2005,Cecilia Nathanael,MKUB0718,Design de Mobiliario,,APROVADO POR FREQÜÊNCIA
2005,Cecilia Nathanael,BKII1063,Design de Visualizacao de Informacoes,5.9,APROVADO
2005,Cecilia Nathanael,RJYZ5864,Identidade Visual,3.25,REPROVADO
2006,Cecilia Nathanael,DOMK5241,Design de Aprendizado,5.0,APROVADO
2006,Cecilia Nathanael,ZULH9584,Projeto Integrado,2.08,REPROVADO
2006,Cecilia Nathanael,WPUV3332,Design de Tecnologia Vestivel (Wearable),7.5,APROVADO POR MÉDIA
2006,Cecilia Nathanael,NRYN3294,Design de Interfaces Neuromorficas,2.0,REPROVADO
2006,Cecilia Nathanael,NRCI1107,Design de Experiencia em Museus,4.0,REPROVADO
2006,Cecilia Nathanael,AAZN5771,Ergonomia,5.75,APROVADO
2006,Cecilia Nathanael,ZULH9584,Projeto Integrado,5.27,APROVADO
2006,Cecilia Nathanael,UFMQ0127,Design para Longevidade,4.5,REPROVADO
2006,Cecilia Nathanael,JGDZ1333,Gamificacao,8.0,APROVADO POR MÉDIA
2006,Cecilia Nathanael,NRYN3294,Design de Interfaces Neuromorficas,7.1,APROVADO
2006,Cecilia Nathanael,NRCI1107,Design de Experiencia em Museus,3.0,REPROVADO
2006,Cecilia Nathanael,BLDG0260,Design de Joias,4.6,REPROVADO
2006,Cecilia Nathanael,RJYZ5864,Identidade Visual,8.0,APROVADO POR MÉDIA
2007,Cecilia Nathanael,UFMQ0127,Design para Longevidade,,REPROVADO POR FALTA
2007,Cecilia Nathanael,TSYB3211,Impressao 3D,2.5,REPROVADO
2007,Cecilia Nathanael,NRCI1107,Design de Experiencia em Museus,7.0,APROVADO POR MÉDIA
2007,Cecilia Nathanael,BLDG0260,Design de Joias,8.05,APROVADO POR MÉDIA
2007,Cecilia Nathanael,FZLO1427,Marketing de Produto,3.25,REPROVADO
2007,Cecilia Nathanael,NGVU3526,Ecodesign,5.05,APROVADO
2007,Cecilia Nathanael,JJNT2088,Manipulacao de Imagem,3.63,REPROVADO
2007,Cecilia Nathanael,TPYC6338,Design Thinking,7.25,APROVADO POR MÉDIA
2007,Cecilia Nathanael,TSYB3211,Impressao 3D,6.25,APROVADO
2007,Cecilia Nathanael,VOQA5582,Tipografia,7.0,APROVADO POR MÉDIA
2007,Cecilia Nathanael,FZLO1427,Marketing de Produto,8.13,APROVADO POR MÉDIA
2007,Cecilia Nathanael,KAWV5083,Branding,7.0,APROVADO POR MÉDIA
2008,Cecilia Nathanael,COOQ5695,Design de Interacao em Tempo Real,2.05,REPROVADO
2008,Cecilia Nathanael,VFBH8799,Design Cibernetico,5.3,APROVADO
2008,Cecilia Nathanael,JVFQ7338,Design de Interacao Cultural,5.13,APROVADO
2008,Cecilia Nathanael,IENT5068,Design Experimental,5.0,APROVADO
2008,Cecilia Nathanael,QVGO0107,Prototipagem em Papel,,REPROVADO POR FALTA
2008,Cecilia Nathanael,UXMU2899,Interacao Tangivel,,APROVADO POR FREQÜÊNCIA
2008,Cecilia Nathanael,LERH6635,Design de Produto,,REPROVADO POR FALTA
2008,Cecilia Nathanael,RRME1020,Design Parametrico,2.85,REPROVADO
2008,Cecilia Nathanael,COOQ5695,Design de Interacao em Tempo Real,4.07,REPROVADO
2008,Cecilia Nathanael,MAEY1044,Design Computacional,4.55,REPROVADO
2008,Cecilia Nathanael,BMDH7993,Design de Apresentacoes,7.0,APROVADO POR MÉDIA
2008,Cecilia Nathanael,UFMQ0127,Design para Longevidade,5.0,APROVADO
2008,Cecilia Nathanael,MXMO8868,Cultura Visual,8.25,APROVADO POR MÉDIA
2008,Cecilia Nathanael,QVGO0107,Prototipagem em Papel,2.75,REPROVADO
ANO,Cecilia Nathanael,CÓDIGO,DISCIPLINA,NOTA FINAL,SITUAÇÃO CONCEITO
2008,Cecilia Nathanael,LERH6635,Design de Produto,8.0,APROVADO POR MÉDIA
2009,Cecilia Nathanael,COOQ5695,Design de Interacao em Tempo Real,3.4,REPROVADO
2009,Cecilia Nathanael,MAEY1044,Design Computacional,,REPROVADO POR FALTA
2009,Cecilia Nathanael,UCTK5222,Design de Realidade Aumentada (AR) e Virtual (VR),,REPROVADO POR FALTA
2009,Cecilia Nathanael,DZNQ4989,Design Cenico,6.72,APROVADO
2009,Cecilia Nathanael,XERB6119,Gestao de Marcas,8.25,APROVADO POR MÉDIA
2009,Cecilia Nathanael,AOXV5438,Design de Espacos Virtuais,7.2,APROVADO POR MÉDIA
2009,Cecilia Nathanael,RRME1020,Design Parametrico,,REPROVADO POR FALTA
2009,Cecilia Nathanael,TRQX5862,Etica em Design,5.88,APROVADO
2009,Cecilia Nathanael,COOQ5695,Design de Interacao em Tempo Real,7.25,APROVADO POR MÉDIA
2009,Cecilia Nathanael,HQDD9963,Design Sonoro,7.5,APROVADO POR MÉDIA
2009,Cecilia Nathanael,HILN2052,Design de Impacto Social,6.38,APROVADO
2009,Cecilia Nathanael,UCTK5222,Design de Realidade Aumentada (AR) e Virtual (VR),8.0,APROVADO POR MÉDIA
2009,Cecilia Nathanael,RVMF0745,Design Biomimetico,,REPROVADO POR FALTA
2009,Cecilia Nathanael,RMDE3651,Teoria do Design,,REPROVADO POR FALTA
2009,Cecilia Nathanael,QVGO0107,Prototipagem em Papel,5.0,APROVADO
2009,Cecilia Nathanael,DQUN5124,Comunicacao Visual,10.0,APROVADO POR MÉDIA
2009,Cecilia Nathanael,LSHL3127,Design de Redes Sociais,8.43,APROVADO POR MÉDIA
2010,Cecilia Nathanael,TOZF3011,SemiÃ³tica,6.07,APROVADO
2010,Cecilia Nathanael,MAEY1044,Design Computacional,7.72,APROVADO POR MÉDIA
2010,Cecilia Nathanael,JJNT2088,Manipulacao de Imagem,5.0,APROVADO
2010,Cecilia Nathanael,SATJ7970,Design de Narrativa Espacial,5.2,APROVADO
2010,Cecilia Nathanael,LLKP8902,Design Digital,7.2,APROVADO POR MÉDIA
2010,Cecilia Nathanael,KZBU0327,Design de Interacao Corporal,,REPROVADO POR FALTA
2010,Cecilia Nathanael,VMGY1151,Design de Interacao Tangivel,6.7,APROVADO
2010,Cecilia Nathanael,RRME1020,Design Parametrico,,REPROVADO POR FALTA
2010,Cecilia Nathanael,RVMF0745,Design Biomimetico,,REPROVADO POR FALTA
2010,Cecilia Nathanael,OJNV9272,Fotografia,7.15,APROVADO POR MÉDIA
2010,Cecilia Nathanael,TWIP0018,Teoria da Cor,8.0,APROVADO POR MÉDIA
2010,Cecilia Nathanael,RMDE3651,Teoria do Design,,REPROVADO POR FALTA
2010,Cecilia Nathanael,MDQZ6072,Design de Jogos,6.2,APROVADO
2010,Cecilia Nathanael,KZBU0327,Design de Interacao Corporal,9.0,APROVADO POR MÉDIA
2010,Cecilia Nathanael,RRME1020,Design Parametrico,3.08,REPROVADO
2010,Cecilia Nathanael,XYOT5349,Tecnicas de Iluminacao,,REPROVADO POR FALTA
2011,Cecilia Nathanael,RVMF0745,Design Biomimetico,7.5,APROVADO POR MÉDIA
2011,Cecilia Nathanael,RMDE3651,Teoria do Design,,REPROVADO POR FALTA
2011,Cecilia Nathanael,RRME1020,Design Parametrico,3.3,REPROVADO
2011,Cecilia Nathanael,XYOT5349,Tecnicas de Iluminacao,,REPROVADO POR FALTA
2011,Cecilia Nathanael,RMDE3651,Teoria do Design,,REPROVADO POR FALTA
2011,Cecilia Nathanael,RRME1020,Design Parametrico,6.3,APROVADO
2011,Cecilia Nathanael,XYOT5349,Tecnicas de Iluminacao,,REPROVADO POR FALTA
2012,Cecilia Nathanael,RMDE3651,Teoria do Design,7.0,APROVADO POR MÉDIA
2012,Cecilia Nathanael,XYOT5349,Tecnicas de Iluminacao,,REPROVADO POR FALTA
2012,Cecilia Nathanael,NVRL4030,Materiais e Processos,,REPROVADO POR FALTA
ANO,Cecilia Nathanael,CÓDIGO,DISCIPLINA,NOTA FINAL,SITUAÇÃO CONCEITO
2012,Cecilia Nathanael,XYOT5349,Tecnicas de Iluminacao,,REPROVADO POR FALTA
2013,Cecilia Nathanael,XYOT5349,Tecnicas de Iluminacao,,REPROVADO POR FALTA
2013,Cecilia Nathanael,,TRANCAMENTO,,
2014,Cecilia Nathanael,XYOT5349,Tecnicas de Iluminacao,,REPROVADO POR FALTA
2014,Cecilia Nathanael,XYOT5349,Tecnicas de Iluminacao,,REPROVADO POR FALTA
2015,Cecilia Nathanael,XYOT5349,Tecnicas de Iluminacao,,REPROVADO POR FALTA
2016,Cecilia Nathanael,,DESVINCULADO,,
2013,Natalia Pedro,,DESLIGAMENTO,,
,Natalia Pedro,,REINTEGRAÇÃO,,
2021,Melissa Vanessa,OCRQ3517,"Storytelling Visual
DOCENTE(S): Maria Santos",9.0,APROVADO POR MÉDIA
2021,Melissa Vanessa,RJGL2456,"Design Colaborativo
DOCENTE(S): Fernanda Lima",10.0,APROVADO POR MÉDIA
2021,Melissa Vanessa,QBWW6998,"Computacao Grafica
DOCENTE(S): Marcos Ferreira",9.0,APROVADO POR MÉDIA
2021,Melissa Vanessa,UFMQ0127,"Design para Longevidade
DOCENTE(S): Marcos Ferreira",6.2,APROVADO
2021,Melissa Vanessa,MKUB0718,"Design de Mobiliario
DOCENTE(S): Fernanda Lima",8.95,APROVADO POR MÉDIA
2021,Melissa Vanessa,BKII1063,"Design de Visualizacao de Informacoes
DOCENTE(S): Andre Almeida",5.0,APROVADO
2021,Melissa Vanessa,RJYZ5864,"Identidade Visual
DOCENTE(S): Joao Silva",8.5,APROVADO POR MÉDIA
2021,Melissa Vanessa,DOMK5241,"Design de Aprendizado
DOCENTE(S): Ana Costa",9.2,APROVADO POR MÉDIA
2021,Melissa Vanessa,ZULH9584,"Projeto Integrado
DOCENTE(S): Fernanda Lima",7.0,APROVADO POR MÉDIA
2021,Melissa Vanessa,WPUV3332,"Design de Tecnologia Vestivel (Wearable)
DOCENTE(S): Andre Almeida",9.6,APROVADO POR MÉDIA
2021,Melissa Vanessa,NRYN3294,"Design de Interfaces Neuromorficas
DOCENTE(S): Marcos Ferreira
DA SILVA (MESTRADO).",7.45,APROVADO POR MÉDIA
2021,Melissa Vanessa,NRCI1107,"Design de Experiencia em Museus
DOCENTE(S): Pedro Oliveira",8.8,APROVADO POR MÉDIA
2021,Melissa Vanessa,AAZN5771,"Ergonomia
DOCENTE(S): Pedro Oliveira",8.25,APROVADO POR MÉDIA
2022,Melissa Vanessa,JJNT2088,"Manipulacao de Imagem
DOCENTE(S): Diego Cardoso",8.0,APROVADO POR MÉDIA
2022,Melissa Vanessa,JGDZ1333,"Gamificacao
DOCENTE(S): Luiz Pereira",10.0,APROVADO POR MÉDIA
2022,Melissa Vanessa,TSYB3211,"Impressao 3D
DOCENTE(S): Marcos Ferreira",8.75,APROVADO POR MÉDIA
2022,Melissa Vanessa,VOQA5582,"Tipografia
DOCENTE(S): Joao Silva",8.1,APROVADO POR MÉDIA
2022,Melissa Vanessa,BLDG0260,"Design de Joias
DOCENTE(S): Gustavo Martins",7.0,APROVADO POR MÉDIA
2022,Melissa Vanessa,FZLO1427,"Marketing de Produto
DOCENTE(S): Carla Souza",9.5,APROVADO POR MÉDIA
2022,Melissa Vanessa,KAWV5083,Branding,8.2,APROVADO POR MÉDIA
2022,Melissa Vanessa,NGVU3526,"Ecodesign
DOCENTE(S): Diego Cardoso",9.25,APROVADO POR MÉDIA
2022,Melissa Vanessa,COOQ5695,Design de Interacao em Tempo Real,8.0,APROVADO POR MÉDIA
2022,Melissa Vanessa,VFBH8799,"Design Cibernetico
DOCENTE(S): Joao Silva",9.7,APROVADO POR MÉDIA
2022,Melissa Vanessa,UCTK5222,"Design de Realidade Aumentada (AR) e Virtual (VR)
DOCENTE(S): Juliana Rodrigues",7.75,APROVADO POR MÉDIA
2022,Melissa Vanessa,JVFQ7338,"Design de Interacao Cultural
DOCENTE(S): Gustavo Martins",8.5,APROVADO POR MÉDIA
2022,Melissa Vanessa,QVGO0107,"Prototipagem em Papel
DOCENTE(S): Juliana Rodrigues",7.0,APROVADO POR MÉDIA
2022,Melissa Vanessa,LERH6635,Design de Produto,7.75,APROVADO POR MÉDIA
2023,Melissa Vanessa,MAEY1044,"Design Computacional
DOCENTE(S): Maria Santos",8.55,APROVADO POR MÉDIA
2023,Melissa Vanessa,SATJ7970,"Design de Narrativa Espacial
DOCENTE(S): Ana Costa",9.25,APROVADO POR MÉDIA
2023,Melissa Vanessa,TPYC6338,"Design Thinking
DOCENTE(S): Joao Silva",10.0,APROVADO POR MÉDIA
2023,Melissa Vanessa,IENT5068,"Design Experimental
DOCENTE(S): Rafaela Gomes",8.38,APROVADO POR MÉDIA
2023,Melissa Vanessa,KZBU0327,"Design de Interacao Corporal
DOCENTE(S): Fernanda Lima",9.57,APROVADO POR MÉDIA
2023,Melissa Vanessa,AOXV5438,Design de Espacos Virtuais,10.0,APROVADO POR MÉDIA
ANO,Melissa Vanessa,CÓDIGO,DISCIPLINA,NOTA FINAL,SITUAÇÃO CONCEITO
,Melissa Vanessa,,DOCENTE(S): -----------,,
2023,Melissa Vanessa,RRME1020,"Design Parametrico
DOCENTE(S): Juliana Rodrigues",9.01,APROVADO POR MÉDIA
2023,Melissa Vanessa,LLKP8902,Design Digital,,CURSANDO
2023,Melissa Vanessa,DZNQ4989,Design Cenico,,CURSANDO
2023,Melissa Vanessa,MXMO8868,Cultura Visual,,CURSANDO
2023,Melissa Vanessa,XERB6119,Gestao de Marcas,,CURSANDO
2023,Melissa Vanessa,UXMU2899,Interacao Tangivel,,CURSANDO
2023,Melissa Vanessa,TRQX5862,Etica em Design,,CURSANDO
2023,Melissa Vanessa,VNBQ5535,Design de Moda,,CURSANDO
2011,Vanessa Nathanael,OCRQ3517,Storytelling Visual,7.5,APROVADO POR MÉDIA
2011,Vanessa Nathanael,RJGL2456,Design Colaborativo,,REPROVADO POR FALTA
2011,Vanessa Nathanael,QBWW6998,Computacao Grafica,7.5,APROVADO POR MÉDIA
2011,Vanessa Nathanael,UFMQ0127,Design para Longevidade,7.5,APROVADO POR MÉDIA
2011,Vanessa Nathanael,MKUB0718,Design de Mobiliario,,APROVADO POR FREQÜÊNCIA
2011,Vanessa Nathanael,BKII1063,Design de Visualizacao de Informacoes,,REPROVADO POR FALTA
2011,Vanessa Nathanael,RJYZ5864,Identidade Visual,8.75,APROVADO POR MÉDIA
2011,Vanessa Nathanael,RJGL2456,Design Colaborativo,,REPROVADO POR FALTA
2011,Vanessa Nathanael,TPYC6338,Design Thinking,7.0,APROVADO POR MÉDIA
2011,Vanessa Nathanael,BKII1063,Design de Visualizacao de Informacoes,,REPROVADO POR FALTA
2011,Vanessa Nathanael,MXMO8868,Cultura Visual,7.0,APROVADO
2012,Vanessa Nathanael,RJGL2456,Design Colaborativo,3.68,REPROVADO
2012,Vanessa Nathanael,JGDZ1333,Gamificacao,7.5,APROVADO POR MÉDIA
2012,Vanessa Nathanael,BKII1063,Design de Visualizacao de Informacoes,2.5,REPROVADO
2012,Vanessa Nathanael,BLDG0260,Design de Joias,,REPROVADO POR FALTA
2012,Vanessa Nathanael,,DESVINCULADO,,
2011,Caroline Guilherme,OCRQ3517,Storytelling Visual,7.85,APROVADO POR MÉDIA
2011,Caroline Guilherme,RJGL2456,Design Colaborativo,4.57,REPROVADO
2011,Caroline Guilherme,QBWW6998,Computacao Grafica,9.0,APROVADO POR MÉDIA
2011,Caroline Guilherme,UFMQ0127,Design para Longevidade,7.0,APROVADO POR MÉDIA
2011,Caroline Guilherme,MKUB0718,Design de Mobiliario,,APROVADO POR FREQÜÊNCIA
2011,Caroline Guilherme,BKII1063,Design de Visualizacao de Informacoes,8.5,APROVADO POR MÉDIA
2011,Caroline Guilherme,RJYZ5864,Identidade Visual,9.5,APROVADO POR MÉDIA
2011,Caroline Guilherme,RJGL2456,Design Colaborativo,6.95,APROVADO
2011,Caroline Guilherme,JGDZ1333,Gamificacao,8.75,APROVADO POR MÉDIA
2011,Caroline Guilherme,NRYN3294,Design de Interfaces Neuromorficas,8.75,APROVADO POR MÉDIA
2011,Caroline Guilherme,NRCI1107,Design de Experiencia em Museus,7.8,APROVADO POR MÉDIA
2011,Caroline Guilherme,MXMO8868,Cultura Visual,7.75,APROVADO POR MÉDIA
2011,Caroline Guilherme,BLDG0260,Design de Joias,8.35,APROVADO POR MÉDIA
2011,Caroline Guilherme,AAZN5771,Ergonomia,7.75,APROVADO POR MÉDIA
2012,Caroline Guilherme,DOMK5241,Design de Aprendizado,7.0,APROVADO POR MÉDIA
2012,Caroline Guilherme,JJNT2088,Manipulacao de Imagem,7.2,APROVADO POR MÉDIA
2012,Caroline Guilherme,ZULH9584,Projeto Integrado,5.0,APROVADO
2012,Caroline Guilherme,WPUV3332,Design de Tecnologia Vestivel (Wearable),8.4,APROVADO POR MÉDIA
2012,Caroline Guilherme,TPYC6338,Design Thinking,8.1,APROVADO POR MÉDIA
2012,Caroline Guilherme,TSYB3211,Impressao 3D,9.35,APROVADO POR MÉDIA
2012,Caroline Guilherme,KAWV5083,Branding,7.5,APROVADO POR MÉDIA
2012,Caroline Guilherme,NGVU3526,Ecodesign,9.25,APROVADO POR MÉDIA
2012,Caroline Guilherme,COOQ5695,Design de Interacao em Tempo Real,8.05,APROVADO POR MÉDIA
2012,Caroline Guilherme,UCTK5222,Design de Realidade Aumentada (AR) e Virtual (VR),8.0,APROVADO POR MÉDIA
2012,Caroline Guilherme,JVFQ7338,Design de Interacao Cultural,5.13,APROVADO
2012,Caroline Guilherme,VOQA5582,Tipografia,4.15,REPROVADO
2012,Caroline Guilherme,QVGO0107,Prototipagem em Papel,4.8,REPROVADO
2012,Caroline Guilherme,FZLO1427,Marketing de Produto,7.0,APROVADO POR MÉDIA
2012,Caroline Guilherme,LERH6635,Design de Produto,7.0,APROVADO POR MÉDIA
2013,Caroline Guilherme,VFBH8799,Design Cibernetico,7.63,APROVADO POR MÉDIA
2013,Caroline Guilherme,HQDD9963,Design Sonoro,10.0,APROVADO POR MÉDIA
2013,Caroline Guilherme,DZNQ4989,Design Cenico,5.0,APROVADO
2013,Caroline Guilherme,VOQA5582,Tipografia,7.35,APROVADO POR MÉDIA
2013,Caroline Guilherme,QVGO0107,Prototipagem em Papel,7.5,APROVADO POR MÉDIA
2013,Caroline Guilherme,UXMU2899,Interacao Tangivel,9.0,APROVADO POR MÉDIA
2013,Caroline Guilherme,AOXV5438,Design de Espacos Virtuais,6.45,APROVADO
2013,Caroline Guilherme,RRME1020,Design Parametrico,10.0,APROVADO POR MÉDIA
2013,Caroline Guilherme,MAEY1044,Design Computacional,9.3,APROVADO POR MÉDIA
2013,Caroline Guilherme,BMDH7993,Design de Apresentacoes,7.75,APROVADO POR MÉDIA
2013,Caroline Guilherme,SATJ7970,Design de Narrativa Espacial,9.0,APROVADO POR MÉDIA
2013,Caroline Guilherme,LLKP8902,Design Digital,9.9,APROVADO POR MÉDIA
2013,Caroline Guilherme,IENT5068,Design Experimental,7.25,APROVADO POR MÉDIA
2013,Caroline Guilherme,KZBU0327,Design de Interacao Corporal,5.5,APROVADO
2013,Caroline Guilherme,XERB6119,Gestao de Marcas,7.5,APROVADO
2013,Caroline Guilherme,TRQX5862,Etica em Design,9.0,APROVADO POR MÉDIA
2014,Caroline Guilherme,TOZF3011,SemiÃ³tica,1.75,REPROVADO
ANO,Caroline Guilherme,CÓDIGO,DISCIPLINA,NOTA FINAL,SITUAÇÃO CONCEITO
2014,Caroline Guilherme,RVMF0745,Design Biomimetico,,REPROVADO POR FALTA
2014,Caroline Guilherme,TWIP0018,Teoria da Cor,9.0,APROVADO POR MÉDIA
2014,Caroline Guilherme,RMDE3651,Teoria do Design,8.0,APROVADO POR MÉDIA
2014,Caroline Guilherme,DQUN5124,Comunicacao Visual,8.5,APROVADO POR MÉDIA
2014,Caroline Guilherme,VMGY1151,Design de Interacao Tangivel,8.0,APROVADO POR MÉDIA
2014,Caroline Guilherme,LSHL3127,Design de Redes Sociais,7.6,APROVADO POR MÉDIA
2014,Caroline Guilherme,PBCQ5148,Design de Impressao e Publicacao,7.5,APROVADO POR MÉDIA
2014,Caroline Guilherme,VNBQ5535,Design de Moda,8.5,APROVADO POR MÉDIA
2014,Caroline Guilherme,TOZF3011,SemiÃ³tica,7.0,APROVADO POR MÉDIA
2014,Caroline Guilherme,HILN2052,Design de Impacto Social,7.0,APROVADO POR MÉDIA
2014,Caroline Guilherme,RVMF0745,Design Biomimetico,8.0,APROVADO POR MÉDIA
2014,Caroline Guilherme,XYOT5349,Tecnicas de Iluminacao,,REPROVADO POR FALTA
2015,Caroline Guilherme,XYOT5349,Tecnicas de Iluminacao,,REPROVADO POR FALTA
2015,Caroline Guilherme,XYOT5349,Tecnicas de Iluminacao,,REPROVADO POR FALTA
2016,Caroline Guilherme,XYOT5349,Tecnicas de Iluminacao,,REPROVADO POR FALTA
2016,Caroline Guilherme,XYOT5349,Tecnicas de Iluminacao,8.0,APROVADO POR MÉDIA
2016,Caroline Guilherme,,INTEGRALIZADO,,
2017,Caroline Guilherme,,FORMADO,,
2006,Arthur Caua,OCRQ3517,Storytelling Visual,8.75,APROVADO POR MÉDIA
2006,Arthur Caua,RJGL2456,Design Colaborativo,2.5,REPROVADO
2006,Arthur Caua,QBWW6998,Computacao Grafica,9.0,APROVADO POR MÉDIA
2006,Arthur Caua,UFMQ0127,Design para Longevidade,5.5,APROVADO
2006,Arthur Caua,MKUB0718,Design de Mobiliario,9.0,APROVADO POR MÉDIA
2006,Arthur Caua,BKII1063,Design de Visualizacao de Informacoes,7.0,APROVADO POR MÉDIA
2006,Arthur Caua,RJYZ5864,Identidade Visual,7.5,APROVADO POR MÉDIA
2007,Arthur Caua,RJGL2456,Design Colaborativo,0.75,REPROVADO
2007,Arthur Caua,UCTK5222,Design de Realidade Aumentada (AR) e Virtual (VR),,REPROVADO POR FALTA
2007,Arthur Caua,NRYN3294,Design de Interfaces Neuromorficas,,REPROVADO POR FALTA
2007,Arthur Caua,NRCI1107,Design de Experiencia em Museus,7.0,APROVADO POR MÉDIA
2007,Arthur Caua,JGDZ1333,Gamificacao,5.63,APROVADO
2008,Arthur Caua,BLDG0260,Design de Joias,,CANCELADO COM ONUS
2008,Arthur Caua,AAZN5771,Ergonomia,,CANCELADO COM ONUS
2008,Arthur Caua,,TRANCAMENTO,,
2008,Arthur Caua,,DESVINCULADO,,
2009,Arthur Caua,,REINTEGRAÇÃO,,
2009,Arthur Caua,RJGL2456,Design Colaborativo,,REPROVADO POR FALTA
2009,Arthur Caua,NRYN3294,Design de Interfaces Neuromorficas,,REPROVADO POR FALTA
2009,Arthur Caua,BLDG0260,Design de Joias,,REPROVADO POR FALTA
2009,Arthur Caua,KAWV5083,Branding,,REPROVADO POR FALTA
2010,Arthur Caua,,DESVINCULADO,,
2018,Caroline Mariana,OCRQ3517,"Storytelling Visual
DOCENTE(S): Maria Santos",8.5,APROVADO POR MÉDIA
2018,Caroline Mariana,RJGL2456,"Design Colaborativo
DOCENTE(S): Fernanda Lima",1.0,REPROVADO
2018,Caroline Mariana,QBWW6998,"Computacao Grafica
DOCENTE(S): Marcos Ferreira",8.0,APROVADO POR MÉDIA
2018,Caroline Mariana,UFMQ0127,"Design para Longevidade
DOCENTE(S): Marcos Ferreira",1.73,REPROVADO
2018,Caroline Mariana,MKUB0718,"Design de Mobiliario
DOCENTE(S): Fernanda Lima",9.3,APROVADO POR MÉDIA
2018,Caroline Mariana,BKII1063,"Design de Visualizacao de Informacoes
DOCENTE(S): Andre Almeida",2.25,REPROVADO
2018,Caroline Mariana,RJYZ5864,"Identidade Visual
DOCENTE(S): Joao Silva",8.0,APROVADO POR MÉDIA
2018,Caroline Mariana,TOZF3011,"SemiÃ³tica
DOCENTE(S): Luiz Pereira",7.0,APROVADO POR MÉDIA
2018,Caroline Mariana,MXMO8868,"Cultura Visual
DOCENTE(S): Patricia Nunes",9.0,APROVADO POR MÉDIA
2018,Caroline Mariana,RMDE3651,"Teoria do Design
DOCENTE(S): Marcos Ferreira",7.25,APROVADO POR MÉDIA
2018,Caroline Mariana,AAZN5771,"Ergonomia
DOCENTE(S): Pedro Oliveira",8.5,APROVADO POR MÉDIA
2018,Caroline Mariana,UXMU2899,"Interacao Tangivel
DOCENTE(S): Gustavo Martins",,REPROVADO POR FALTA
2018,Caroline Mariana,VMGY1151,"Design de Interacao Tangivel
DOCENTE(S): Rafaela Gomes",,REPROVADO POR FALTA
2019,Caroline Mariana,RJGL2456,"Design Colaborativo
DOCENTE(S): Fernanda Lima",,REPROVADO POR FALTA
2019,Caroline Mariana,BKII1063,"Design de Visualizacao de Informacoes
DOCENTE(S): Andre Almeida",3.38,REPROVADO
2019,Caroline Mariana,KAWV5083,"Branding
DOCENTE(S): Rafaela Gomes",7.25,APROVADO POR MÉDIA
2019,Caroline Mariana,BKII1063,"Design de Visualizacao de Informacoes
DOCENTE(S): Andre Almeida",,REPROVADO POR FALTA
2019,Caroline Mariana,UXMU2899,"Interacao Tangivel
DOCENTE(S): Gustavo Martins",,REPROVADO POR FALTA
2019,Caroline Mariana,LERH6635,"Design de Produto
DOCENTE(S): Carla Souza",,REPROVADO POR FALTA
2020,Caroline Mariana,,DESLIGAMENTO,,
2019,Hugo Nicolas,BKII1063,"Design de Visualizacao de Informacoes
DOCENTE(S): Andre Almeida",,REPROVADO POR FALTA
2019,Hugo Nicolas,MXMO8868,"Cultura Visual
DOCENTE(S): Patricia Nunes",,REPROVADO POR FALTA
2019,Hugo Nicolas,AAZN5771,"Ergonomia
DOCENTE(S): Pedro Oliveira",,REPROVADO POR FALTA
2019,Hugo Nicolas,UXMU2899,"Interacao Tangivel
DOCENTE(S): Gustavo Martins",,REPROVADO POR FALTA
2020,Hugo Nicolas,,DESLIGAMENTO,,
2012,Elisa Valentina,,DESLIGAMENTO,,
2012,Alana Daniel,OCRQ3517,Storytelling Visual,,DISPENSADO
2012,Alana Daniel,RJGL2456,Design Colaborativo,,REPROVADO POR FALTA
2012,Alana Daniel,QBWW6998,Computacao Grafica,,REPROVADO POR FALTA
2012,Alana Daniel,UFMQ0127,Design para Longevidade,8.5,APROVADO POR MÉDIA
2012,Alana Daniel,MKUB0718,Design de Mobiliario,,APROVADO POR FREQÜÊNCIA
2012,Alana Daniel,BKII1063,Design de Visualizacao de Informacoes,7.0,APROVADO POR MÉDIA
2012,Alana Daniel,RJYZ5864,Identidade Visual,,REPROVADO POR FALTA
2012,Alana Daniel,NRYN3294,Design de Interfaces Neuromorficas,,REPROVADO POR FALTA
2012,Alana Daniel,NRCI1107,Design de Experiencia em Museus,,REPROVADO POR FALTA
2012,Alana Daniel,AAZN5771,Ergonomia,,REPROVADO POR FALTA
2013,Alana Daniel,,DESLIGAMENTO,,
2009,Luciana Felipe,OCRQ3517,Storytelling Visual,,REPROVADO POR FALTA
2009,Luciana Felipe,RJGL2456,Design Colaborativo,,REPROVADO POR FALTA
2009,Luciana Felipe,QBWW6998,Computacao Grafica,,REPROVADO POR FALTA
2009,Luciana Felipe,UFMQ0127,Design para Longevidade,,REPROVADO POR FALTA
2009,Luciana Felipe,MKUB0718,Design de Mobiliario,,REPROVADO POR FALTA
2009,Luciana Felipe,BKII1063,Design de Visualizacao de Informacoes,,REPROVADO POR FALTA
2009,Luciana Felipe,RJYZ5864,Identidade Visual,,REPROVADO POR FALTA
2010,Luciana Felipe,,DESVINCULADO,,
2010,Luciana Felipe,,REINTEGRAÇÃO,,
2010,Luciana Felipe,OCRQ3517,Storytelling Visual,6.25,APROVADO
2010,Luciana Felipe,RJGL2456,Design Colaborativo,,REPROVADO POR FALTA
2010,Luciana Felipe,QBWW6998,Computacao Grafica,8.25,APROVADO POR MÉDIA
2010,Luciana Felipe,UFMQ0127,Design para Longevidade,4.0,REPROVADO
2010,Luciana Felipe,MKUB0718,Design de Mobiliario,,APROVADO POR FREQÜÊNCIA
2010,Luciana Felipe,BKII1063,Design de Visualizacao de Informacoes,,REPROVADO POR FALTA
2010,Luciana Felipe,RJYZ5864,Identidade Visual,9.0,APROVADO POR MÉDIA
2011,Luciana Felipe,RJGL2456,Design Colaborativo,3.08,REPROVADO
2011,Luciana Felipe,UFMQ0127,Design para Longevidade,,REPROVADO POR FALTA
2011,Luciana Felipe,TPYC6338,Design Thinking,6.5,APROVADO
2011,Luciana Felipe,BKII1063,Design de Visualizacao de Informacoes,1.88,REPROVADO
2011,Luciana Felipe,MXMO8868,Cultura Visual,9.5,APROVADO POR MÉDIA
2011,Luciana Felipe,BLDG0260,Design de Joias,7.55,APROVADO POR MÉDIA
2011,Luciana Felipe,AAZN5771,Ergonomia,7.5,APROVADO POR MÉDIA
2011,Luciana Felipe,COOQ5695,Design de Interacao em Tempo Real,7.1,APROVADO POR MÉDIA
2011,Luciana Felipe,BMDH7993,Design de Apresentacoes,7.0,APROVADO POR MÉDIA
2011,Luciana Felipe,JGDZ1333,Gamificacao,8.75,APROVADO POR MÉDIA
2011,Luciana Felipe,BKII1063,Design de Visualizacao de Informacoes,,REPROVADO POR FALTA
2011,Luciana Felipe,KAWV5083,Branding,6.7,APROVADO
2012,Luciana Felipe,LERH6635,Design de Produto,,REPROVADO POR FALTA
2012,Luciana Felipe,,DESVINCULADO,,
2005,Gabriel Bruno,OCRQ3517,Storytelling Visual,9.15,APROVADO POR MÉDIA
2005,Gabriel Bruno,RJGL2456,Design Colaborativo,8.15,APROVADO POR MÉDIA
2005,Gabriel Bruno,QBWW6998,Computacao Grafica,8.0,APROVADO POR MÉDIA
2005,Gabriel Bruno,UFMQ0127,Design para Longevidade,6.0,APROVADO
2005,Gabriel Bruno,MKUB0718,Design de Mobiliario,,APROVADO POR FREQÜÊNCIA
2005,Gabriel Bruno,BKII1063,Design de Visualizacao de Informacoes,7.1,APROVADO POR MÉDIA
2005,Gabriel Bruno,RJYZ5864,Identidade Visual,7.25,APROVADO POR MÉDIA
2006,Gabriel Bruno,DOMK5241,Design de Aprendizado,8.0,APROVADO POR MÉDIA
2006,Gabriel Bruno,ZULH9584,Projeto Integrado,8.8,APROVADO POR MÉDIA
2006,Gabriel Bruno,WPUV3332,Design de Tecnologia Vestivel (Wearable),8.5,APROVADO POR MÉDIA
2006,Gabriel Bruno,NRYN3294,Design de Interfaces Neuromorficas,7.88,APROVADO
2006,Gabriel Bruno,NRCI1107,Design de Experiencia em Museus,8.0,APROVADO POR MÉDIA
2006,Gabriel Bruno,AAZN5771,Ergonomia,7.3,APROVADO POR MÉDIA
2006,Gabriel Bruno,JJNT2088,Manipulacao de Imagem,7.5,APROVADO POR MÉDIA
2006,Gabriel Bruno,JGDZ1333,Gamificacao,8.75,APROVADO POR MÉDIA
2006,Gabriel Bruno,TSYB3211,Impressao 3D,8.0,APROVADO POR MÉDIA
2006,Gabriel Bruno,VOQA5582,Tipografia,7.85,APROVADO POR MÉDIA
2006,Gabriel Bruno,BLDG0260,Design de Joias,9.85,APROVADO POR MÉDIA
2006,Gabriel Bruno,FZLO1427,Marketing de Produto,7.5,APROVADO POR MÉDIA
2006,Gabriel Bruno,KAWV5083,Branding,9.0,APROVADO POR MÉDIA
2007,Gabriel Bruno,NGVU3526,Ecodesign,9.0,APROVADO POR MÉDIA
2007,Gabriel Bruno,COOQ5695,Design de Interacao em Tempo Real,8.45,APROVADO POR MÉDIA
2007,Gabriel Bruno,VFBH8799,Design Cibernetico,7.0,APROVADO POR MÉDIA
2007,Gabriel Bruno,UCTK5222,Design de Realidade Aumentada (AR) e Virtual (VR),6.47,APROVADO
2007,Gabriel Bruno,JVFQ7338,Design de Interacao Cultural,9.5,APROVADO POR MÉDIA
2007,Gabriel Bruno,QVGO0107,Prototipagem em Papel,9.0,APROVADO POR MÉDIA
2007,Gabriel Bruno,LERH6635,Design de Produto,9.25,APROVADO POR MÉDIA
2007,Gabriel Bruno,MAEY1044,Design Computacional,8.5,APROVADO POR MÉDIA
2007,Gabriel Bruno,SATJ7970,Design de Narrativa Espacial,7.5,APROVADO POR MÉDIA
2007,Gabriel Bruno,TPYC6338,Design Thinking,7.0,APROVADO POR MÉDIA
2007,Gabriel Bruno,IENT5068,Design Experimental,7.25,APROVADO POR MÉDIA
2007,Gabriel Bruno,KZBU0327,Design de Interacao Corporal,7.0,APROVADO POR MÉDIA
2007,Gabriel Bruno,RRME1020,Design Parametrico,8.25,APROVADO POR MÉDIA
2008,Gabriel Bruno,LLKP8902,Design Digital,8.0,APROVADO
2008,Gabriel Bruno,DZNQ4989,Design Cenico,7.25,APROVADO POR MÉDIA
2008,Gabriel Bruno,MXMO8868,Cultura Visual,8.75,APROVADO POR MÉDIA
2008,Gabriel Bruno,XERB6119,Gestao de Marcas,7.7,APROVADO POR MÉDIA
2008,Gabriel Bruno,UXMU2899,Interacao Tangivel,,APROVADO POR FREQÜÊNCIA
2008,Gabriel Bruno,AOXV5438,Design de Espacos Virtuais,7.0,APROVADO POR MÉDIA
2008,Gabriel Bruno,TRQX5862,Etica em Design,7.75,APROVADO POR MÉDIA
2008,Gabriel Bruno,VNBQ5535,Design de Moda,,CANCELADO COM ONUS
2008,Gabriel Bruno,BMDH7993,Design de Apresentacoes,7.25,APROVADO POR MÉDIA
2008,Gabriel Bruno,RVMF0745,Design Biomimetico,10.0,APROVADO POR MÉDIA
2008,Gabriel Bruno,TWIP0018,Teoria da Cor,6.75,APROVADO
2008,Gabriel Bruno,RMDE3651,Teoria do Design,8.75,APROVADO POR MÉDIA
2008,Gabriel Bruno,WWGS2880,Design de Realidade Hibrida,7.0,APROVADO POR MÉDIA
ANO,Gabriel Bruno,CÓDIGO,DISCIPLINA,NOTA FINAL,SITUAÇÃO CONCEITO
2008,Gabriel Bruno,DQUN5124,Comunicacao Visual,9.5,APROVADO POR MÉDIA
2008,Gabriel Bruno,VMGY1151,Design de Interacao Tangivel,8.5,APROVADO POR MÉDIA
2008,Gabriel Bruno,LSHL3127,Design de Redes Sociais,9.2,APROVADO POR MÉDIA
2009,Gabriel Bruno,TOZF3011,SemiÃ³tica,9.0,APROVADO POR MÉDIA
2009,Gabriel Bruno,NVRL4030,Materiais e Processos,8.0,APROVADO POR MÉDIA
2009,Gabriel Bruno,PBCQ5148,Design de Impressao e Publicacao,9.65,APROVADO POR MÉDIA
2009,Gabriel Bruno,VNBQ5535,Design de Moda,8.8,APROVADO POR MÉDIA
2009,Gabriel Bruno,XYOT5349,Tecnicas de Iluminacao,10.0,APROVADO POR MÉDIA
2009,Gabriel Bruno,,INTEGRALIZADO,,
2009,Gabriel Bruno,,FORMADO,,
2010,Sofia Alice,OCRQ3517,Storytelling Visual,8.0,APROVADO POR MÉDIA
2010,Sofia Alice,RJGL2456,Design Colaborativo,2.25,REPROVADO
2010,Sofia Alice,QBWW6998,Computacao Grafica,9.75,APROVADO POR MÉDIA
2010,Sofia Alice,UFMQ0127,Design para Longevidade,8.5,APROVADO POR MÉDIA
2010,Sofia Alice,MKUB0718,Design de Mobiliario,,APROVADO POR FREQÜÊNCIA
2010,Sofia Alice,BKII1063,Design de Visualizacao de Informacoes,,REPROVADO POR FALTA
2010,Sofia Alice,RJYZ5864,Identidade Visual,9.65,APROVADO POR MÉDIA
2010,Sofia Alice,,DESLIGAMENTO,,
2007,Felipe Eduardo,OCRQ3517,Storytelling Visual,,REPROVADO POR FALTA
2007,Felipe Eduardo,RJGL2456,Design Colaborativo,,REPROVADO POR FALTA
2007,Felipe Eduardo,QBWW6998,Computacao Grafica,,REPROVADO POR FALTA
2007,Felipe Eduardo,UFMQ0127,Design para Longevidade,,REPROVADO POR FALTA
2007,Felipe Eduardo,MKUB0718,Design de Mobiliario,,REPROVADO POR FALTA
2007,Felipe Eduardo,BKII1063,Design de Visualizacao de Informacoes,,REPROVADO POR FALTA
2007,Felipe Eduardo,RJYZ5864,Identidade Visual,,REPROVADO POR FALTA
2007,Felipe Eduardo,,DESVINCULADO,,
2006,Laura Emilly,OCRQ3517,Storytelling Visual,7.5,APROVADO POR MÉDIA
2006,Laura Emilly,RJGL2456,Design Colaborativo,8.4,APROVADO POR MÉDIA
2006,Laura Emilly,QBWW6998,Computacao Grafica,8.3,APROVADO POR MÉDIA
2006,Laura Emilly,UFMQ0127,Design para Longevidade,9.0,APROVADO POR MÉDIA
2006,Laura Emilly,MKUB0718,Design de Mobiliario,9.4,APROVADO POR MÉDIA
2006,Laura Emilly,BKII1063,Design de Visualizacao de Informacoes,9.25,APROVADO POR MÉDIA
2006,Laura Emilly,RJYZ5864,Identidade Visual,,APROVADO POR FREQÜÊNCIA
2006,Laura Emilly,DOMK5241,Design de Aprendizado,7.5,APROVADO POR MÉDIA
2006,Laura Emilly,ZULH9584,Projeto Integrado,8.75,APROVADO POR MÉDIA
2006,Laura Emilly,WPUV3332,Design de Tecnologia Vestivel (Wearable),9.5,APROVADO POR MÉDIA
2006,Laura Emilly,NRYN3294,Design de Interfaces Neuromorficas,8.2,APROVADO POR MÉDIA
2006,Laura Emilly,NRCI1107,Design de Experiencia em Museus,8.6,APROVADO POR MÉDIA
2006,Laura Emilly,AAZN5771,Ergonomia,9.75,APROVADO POR MÉDIA
2007,Laura Emilly,JJNT2088,Manipulacao de Imagem,9.0,APROVADO POR MÉDIA
2007,Laura Emilly,JGDZ1333,Gamificacao,9.35,APROVADO POR MÉDIA
2007,Laura Emilly,TSYB3211,Impressao 3D,9.25,APROVADO POR MÉDIA
2007,Laura Emilly,VOQA5582,Tipografia,7.45,APROVADO POR MÉDIA
2007,Laura Emilly,BLDG0260,Design de Joias,10.0,APROVADO POR MÉDIA
2007,Laura Emilly,FZLO1427,Marketing de Produto,9.5,APROVADO POR MÉDIA
2007,Laura Emilly,KAWV5083,Branding,9.25,APROVADO POR MÉDIA
2007,Laura Emilly,NGVU3526,Ecodesign,8.85,APROVADO POR MÉDIA
2007,Laura Emilly,COOQ5695,Design de Interacao em Tempo Real,8.1,APROVADO POR MÉDIA
2007,Laura Emilly,VFBH8799,Design Cibernetico,8.5,APROVADO POR MÉDIA
2007,Laura Emilly,UCTK5222,Design de Realidade Aumentada (AR) e Virtual (VR),7.7,APROVADO POR MÉDIA
2007,Laura Emilly,JVFQ7338,Design de Interacao Cultural,9.75,APROVADO POR MÉDIA
2007,Laura Emilly,TPYC6338,Design Thinking,8.75,APROVADO POR MÉDIA
2007,Laura Emilly,QVGO0107,Prototipagem em Papel,8.9,APROVADO POR MÉDIA
2007,Laura Emilly,LERH6635,Design de Produto,8.75,APROVADO POR MÉDIA
2008,Laura Emilly,MAEY1044,Design Computacional,9.5,APROVADO POR MÉDIA
2008,Laura Emilly,SATJ7970,Design de Narrativa Espacial,8.4,APROVADO POR MÉDIA
2008,Laura Emilly,IENT5068,Design Experimental,7.0,APROVADO POR MÉDIA
2008,Laura Emilly,KZBU0327,Design de Interacao Corporal,9.0,APROVADO POR MÉDIA
2008,Laura Emilly,AOXV5438,Design de Espacos Virtuais,8.35,APROVADO POR MÉDIA
2008,Laura Emilly,RRME1020,Design Parametrico,8.7,APROVADO POR MÉDIA
2008,Laura Emilly,RVMF0745,Design Biomimetico,8.0,APROVADO POR MÉDIA
2008,Laura Emilly,LLKP8902,Design Digital,7.5,APROVADO POR MÉDIA
2008,Laura Emilly,DZNQ4989,Design Cenico,7.75,APROVADO POR MÉDIA
2008,Laura Emilly,MXMO8868,Cultura Visual,10.0,APROVADO POR MÉDIA
2008,Laura Emilly,XERB6119,Gestao de Marcas,9.25,APROVADO POR MÉDIA
2008,Laura Emilly,UXMU2899,Interacao Tangivel,,APROVADO POR FREQÜÊNCIA
2008,Laura Emilly,TRQX5862,Etica em Design,8.25,APROVADO POR MÉDIA
2009,Laura Emilly,BMDH7993,Design de Apresentacoes,7.5,APROVADO POR MÉDIA
2009,Laura Emilly,TWIP0018,Teoria da Cor,8.75,APROVADO POR MÉDIA
2009,Laura Emilly,RMDE3651,Teoria do Design,8.25,APROVADO POR MÉDIA
2009,Laura Emilly,DQUN5124,Comunicacao Visual,9.5,APROVADO POR MÉDIA
2009,Laura Emilly,NVRL4030,Materiais e Processos,9.0,APROVADO POR MÉDIA
ANO,Laura Emilly,CÓDIGO,DISCIPLINA,NOTA FINAL,SITUAÇÃO CONCEITO
2009,Laura Emilly,LSHL3127,Design de Redes Sociais,9.48,APROVADO POR MÉDIA
2009,Laura Emilly,TOZF3011,SemiÃ³tica,9.0,APROVADO POR MÉDIA
2009,Laura Emilly,HQDD9963,Design Sonoro,7.75,APROVADO POR MÉDIA
2009,Laura Emilly,HILN2052,Design de Impacto Social,6.5,APROVADO
2009,Laura Emilly,PPDN7220,Modelagem 3D,8.6,APROVADO POR MÉDIA
2009,Laura Emilly,VMGY1151,Design de Interacao Tangivel,9.45,APROVADO POR MÉDIA
2009,Laura Emilly,XYOT5349,Tecnicas de Iluminacao,10.0,APROVADO POR MÉDIA
2009,Laura Emilly,,INTEGRALIZADO,,
2009,Laura Emilly,,FORMADO,,
2018,Lorena Rodrigo,OCRQ3517,"Storytelling Visual
DOCENTE(S): Maria Santos",7.25,APROVADO POR MÉDIA
2018,Lorena Rodrigo,RJGL2456,"Design Colaborativo
DOCENTE(S): Fernanda Lima",2.0,REPROVADO
2018,Lorena Rodrigo,QBWW6998,"Computacao Grafica
DOCENTE(S): Marcos Ferreira",7.5,APROVADO POR MÉDIA
2018,Lorena Rodrigo,UFMQ0127,"Design para Longevidade
DOCENTE(S): Marcos Ferreira",2.76,REPROVADO
2018,Lorena Rodrigo,MKUB0718,"Design de Mobiliario
DOCENTE(S): Fernanda Lima",9.2,APROVADO POR MÉDIA
2018,Lorena Rodrigo,BKII1063,"Design de Visualizacao de Informacoes
DOCENTE(S): Andre Almeida",1.76,REPROVADO
2018,Lorena Rodrigo,RJYZ5864,"Identidade Visual
DOCENTE(S): Joao Silva",7.4,APROVADO POR MÉDIA
2018,Lorena Rodrigo,MXMO8868,"Cultura Visual
DOCENTE(S): Patricia Nunes",,REPROVADO POR FALTA
2018,Lorena Rodrigo,RMDE3651,"Teoria do Design
DOCENTE(S): Marcos Ferreira",,REPROVADO POR FALTA
2018,Lorena Rodrigo,AAZN5771,"Ergonomia
DOCENTE(S): Pedro Oliveira",,REPROVADO POR FALTA
2018,Lorena Rodrigo,UXMU2899,"Interacao Tangivel
DOCENTE(S): Gustavo Martins",,REPROVADO POR FALTA
2019,Lorena Rodrigo,,DESVINCULADO,,
2005,Matheus Mauricio,OCRQ3517,Storytelling Visual,7.7,APROVADO POR MÉDIA
2005,Matheus Mauricio,RJGL2456,Design Colaborativo,7.15,APROVADO POR MÉDIA
2005,Matheus Mauricio,QBWW6998,Computacao Grafica,10.0,APROVADO POR MÉDIA
2005,Matheus Mauricio,UFMQ0127,Design para Longevidade,7.0,APROVADO
2005,Matheus Mauricio,MKUB0718,Design de Mobiliario,9.0,APROVADO POR MÉDIA
2005,Matheus Mauricio,BKII1063,Design de Visualizacao de Informacoes,7.0,APROVADO POR MÉDIA
2005,Matheus Mauricio,RJYZ5864,Identidade Visual,,APROVADO POR FREQÜÊNCIA
2005,Matheus Mauricio,DOMK5241,Design de Aprendizado,7.25,APROVADO POR MÉDIA
2005,Matheus Mauricio,ZULH9584,Projeto Integrado,7.3,APROVADO POR MÉDIA
2005,Matheus Mauricio,WPUV3332,Design de Tecnologia Vestivel (Wearable),7.6,APROVADO POR MÉDIA
2005,Matheus Mauricio,NRYN3294,Design de Interfaces Neuromorficas,3.25,REPROVADO
2005,Matheus Mauricio,NRCI1107,Design de Experiencia em Museus,9.25,APROVADO POR MÉDIA
2005,Matheus Mauricio,AAZN5771,Ergonomia,5.38,APROVADO
2006,Matheus Mauricio,JGDZ1333,Gamificacao,8.5,APROVADO POR MÉDIA
2006,Matheus Mauricio,NRYN3294,Design de Interfaces Neuromorficas,1.0,REPROVADO
2006,Matheus Mauricio,BLDG0260,Design de Joias,3.63,REPROVADO
2006,Matheus Mauricio,FZLO1427,Marketing de Produto,7.0,APROVADO POR MÉDIA
2006,Matheus Mauricio,KAWV5083,Branding,7.25,APROVADO POR MÉDIA
2006,Matheus Mauricio,NGVU3526,Ecodesign,8.5,APROVADO POR MÉDIA
2006,Matheus Mauricio,NRYN3294,Design de Interfaces Neuromorficas,8.15,APROVADO POR MÉDIA
2006,Matheus Mauricio,VOQA5582,Tipografia,5.93,APROVADO
2006,Matheus Mauricio,BLDG0260,Design de Joias,9.6,APROVADO POR MÉDIA
2006,Matheus Mauricio,LERH6635,Design de Produto,7.0,APROVADO POR MÉDIA
2007,Matheus Mauricio,COOQ5695,Design de Interacao em Tempo Real,7.95,APROVADO POR MÉDIA
2007,Matheus Mauricio,JJNT2088,Manipulacao de Imagem,7.25,APROVADO POR MÉDIA
2007,Matheus Mauricio,TPYC6338,Design Thinking,7.0,APROVADO POR MÉDIA
2007,Matheus Mauricio,IENT5068,Design Experimental,8.8,APROVADO POR MÉDIA
2007,Matheus Mauricio,TSYB3211,Impressao 3D,7.0,APROVADO POR MÉDIA
2007,Matheus Mauricio,VFBH8799,Design Cibernetico,9.1,APROVADO POR MÉDIA
2007,Matheus Mauricio,UCTK5222,Design de Realidade Aumentada (AR) e Virtual (VR),9.0,APROVADO POR MÉDIA
2007,Matheus Mauricio,BMDH7993,Design de Apresentacoes,8.75,APROVADO POR MÉDIA
2007,Matheus Mauricio,JVFQ7338,Design de Interacao Cultural,7.25,APROVADO POR MÉDIA
2007,Matheus Mauricio,MXMO8868,Cultura Visual,9.05,APROVADO POR MÉDIA
2007,Matheus Mauricio,QVGO0107,Prototipagem em Papel,7.5,APROVADO POR MÉDIA
2007,Matheus Mauricio,AOXV5438,Design de Espacos Virtuais,7.15,APROVADO POR MÉDIA
2007,Matheus Mauricio,RRME1020,Design Parametrico,7.95,APROVADO POR MÉDIA
2008,Matheus Mauricio,MAEY1044,Design Computacional,9.08,APROVADO POR MÉDIA
2008,Matheus Mauricio,SATJ7970,Design de Narrativa Espacial,9.4,APROVADO POR MÉDIA
2008,Matheus Mauricio,LLKP8902,Design Digital,7.0,APROVADO POR MÉDIA
2008,Matheus Mauricio,DZNQ4989,Design Cenico,7.25,APROVADO POR MÉDIA
2008,Matheus Mauricio,PPDN7220,Modelagem 3D,,CANCELADO COM ONUS
2008,Matheus Mauricio,KZBU0327,Design de Interacao Corporal,7.1,APROVADO POR MÉDIA
2008,Matheus Mauricio,XERB6119,Gestao de Marcas,5.57,APROVADO
2008,Matheus Mauricio,UXMU2899,Interacao Tangivel,,APROVADO POR FREQÜÊNCIA
2008,Matheus Mauricio,TRQX5862,Etica em Design,8.0,APROVADO POR MÉDIA
ANO,Matheus Mauricio,CÓDIGO,DISCIPLINA,NOTA FINAL,SITUAÇÃO CONCEITO
2008,Matheus Mauricio,RVMF0745,Design Biomimetico,10.0,APROVADO POR MÉDIA
2008,Matheus Mauricio,TWIP0018,Teoria da Cor,8.5,APROVADO POR MÉDIA
2008,Matheus Mauricio,RMDE3651,Teoria do Design,7.0,APROVADO POR MÉDIA
2008,Matheus Mauricio,WWGS2880,Design de Realidade Hibrida,8.55,APROVADO POR MÉDIA
2008,Matheus Mauricio,DQUN5124,Comunicacao Visual,9.5,APROVADO POR MÉDIA
2008,Matheus Mauricio,VMGY1151,Design de Interacao Tangivel,9.5,APROVADO POR MÉDIA
2008,Matheus Mauricio,LSHL3127,Design de Redes Sociais,7.9,APROVADO POR MÉDIA
2009,Matheus Mauricio,TOZF3011,SemiÃ³tica,9.0,APROVADO POR MÉDIA
2009,Matheus Mauricio,NVRL4030,Materiais e Processos,8.0,APROVADO POR MÉDIA
2009,Matheus Mauricio,PBCQ5148,Design de Impressao e Publicacao,9.65,APROVADO POR MÉDIA
2009,Matheus Mauricio,VNBQ5535,Design de Moda,7.1,APROVADO POR MÉDIA
2009,Matheus Mauricio,XYOT5349,Tecnicas de Iluminacao,9.5,APROVADO POR MÉDIA
2009,Matheus Mauricio,,INTEGRALIZADO,,
2009,Matheus Mauricio,,FORMADO,,
2020,Vitoria Alice,OCRQ3517,"Storytelling Visual
DOCENTE(S): Maria Santos",9.5,APROVADO POR MÉDIA
2020,Vitoria Alice,RJGL2456,"Design Colaborativo
DOCENTE(S): Fernanda Lima",8.75,APROVADO POR MÉDIA
2020,Vitoria Alice,RJYZ5864,"Identidade Visual
DOCENTE(S): Joao Silva",9.0,APROVADO POR MÉDIA
2020,Vitoria Alice,QBWW6998,"Computacao Grafica
DOCENTE(S): Marcos Ferreira",7.5,APROVADO POR MÉDIA
2020,Vitoria Alice,UFMQ0127,"Design para Longevidade
DOCENTE(S): Marcos Ferreira",9.96,APROVADO POR MÉDIA
2020,Vitoria Alice,MKUB0718,"Design de Mobiliario
DOCENTE(S): Fernanda Lima",9.85,APROVADO POR MÉDIA
2020,Vitoria Alice,BKII1063,"Design de Visualizacao de Informacoes
DOCENTE(S): Andre Almeida",9.0,APROVADO POR MÉDIA
2020,Vitoria Alice,KAWV5083,"Branding
DOCENTE(S): Rafaela Gomes",7.85,APROVADO POR MÉDIA
2020,Vitoria Alice,DOMK5241,"Design de Aprendizado
DOCENTE(S): Ana Costa",5.63,APROVADO
2020,Vitoria Alice,ZULH9584,"Projeto Integrado
DOCENTE(S): Fernanda Lima",8.4,APROVADO POR MÉDIA
2020,Vitoria Alice,WPUV3332,"Design de Tecnologia Vestivel (Wearable)
DOCENTE(S): Andre Almeida",7.75,APROVADO POR MÉDIA
2020,Vitoria Alice,NRYN3294,"Design de Interfaces Neuromorficas
DOCENTE(S): Marcos Ferreira",7.0,APROVADO POR MÉDIA
2020,Vitoria Alice,NRCI1107,"Design de Experiencia em Museus
DOCENTE(S): Pedro Oliveira",8.15,APROVADO POR MÉDIA
2020,Vitoria Alice,AAZN5771,"Ergonomia
DOCENTE(S): Pedro Oliveira",7.9,APROVADO POR MÉDIA
2021,Vitoria Alice,JJNT2088,"Manipulacao de Imagem
DOCENTE(S): Diego Cardoso",7.88,APROVADO POR MÉDIA
2021,Vitoria Alice,JGDZ1333,"Gamificacao
DOCENTE(S): Luiz Pereira",8.0,APROVADO POR MÉDIA
2021,Vitoria Alice,TSYB3211,"Impressao 3D
DOCENTE(S): Marcos Ferreira",9.25,APROVADO POR MÉDIA
2021,Vitoria Alice,VOQA5582,"Tipografia
DOCENTE(S): Joao Silva",7.0,APROVADO POR MÉDIA
2021,Vitoria Alice,BLDG0260,"Design de Joias
DOCENTE(S): Gustavo Martins",9.5,APROVADO POR MÉDIA
2021,Vitoria Alice,FZLO1427,"Marketing de Produto
DOCENTE(S): Carla Souza",9.05,APROVADO POR MÉDIA
2021,Vitoria Alice,NGVU3526,"Ecodesign
DOCENTE(S): Diego Cardoso",8.25,APROVADO POR MÉDIA
2021,Vitoria Alice,COOQ5695,"Design de Interacao em Tempo Real
DOCENTE(S): Pedro Oliveira",8.0,APROVADO POR MÉDIA
2021,Vitoria Alice,VFBH8799,"Design Cibernetico
DOCENTE(S): Joao Silva",9.0,APROVADO POR MÉDIA
2021,Vitoria Alice,UCTK5222,"Design de Realidade Aumentada (AR) e Virtual (VR)
DOCENTE(S): Juliana Rodrigues",8.0,APROVADO POR MÉDIA
2021,Vitoria Alice,JVFQ7338,"Design de Interacao Cultural
DOCENTE(S): Gustavo Martins",7.0,APROVADO POR MÉDIA
2021,Vitoria Alice,QVGO0107,"Prototipagem em Papel
DOCENTE(S): Juliana Rodrigues",8.5,APROVADO POR MÉDIA
2021,Vitoria Alice,LERH6635,"Design de Produto
DOCENTE(S): Carla Souza",7.5,APROVADO POR MÉDIA
2022,Vitoria Alice,HQDD9963,"Design Sonoro
DOCENTE(S): Patricia Nunes",9.0,APROVADO POR MÉDIA
2022,Vitoria Alice,RVMF0745,"Design Biomimetico
DOCENTE(S): Carla Souza
(DOUTORADO).",,RENOVAÇÃO DE ESTÁGIO
2022,Vitoria Alice,RVMF0745,"Design Biomimetico
DOCENTE(S): Carla Souza
(DOUTORADO).",9.5,APROVADO POR MÉDIA
ANO,Vitoria Alice,CÓDIGO,DISCIPLINA,NOTA FINAL,SITUAÇÃO CONCEITO
2022,Vitoria Alice,JJLP9232,"Design de Realidade Simulada
DOCENTE(S): Larissa Vieira",10.0,APROVADO POR MÉDIA
2022,Vitoria Alice,DZNQ4989,"Design Cenico
DOCENTE(S): Ana Costa",8.0,APROVADO POR MÉDIA
2022,Vitoria Alice,MXMO8868,"Cultura Visual
DOCENTE(S): Patricia Nunes",7.75,APROVADO POR MÉDIA
2022,Vitoria Alice,XERB6119,"Gestao de Marcas
DOCENTE(S): Maria Santos",7.1,APROVADO POR MÉDIA
2022,Vitoria Alice,UXMU2899,"Interacao Tangivel
DOCENTE(S): Gustavo Martins",10.0,APROVADO POR MÉDIA
2022,Vitoria Alice,TRQX5862,"Etica em Design
DOCENTE(S): Juliana Rodrigues",9.0,APROVADO POR MÉDIA
2023,Vitoria Alice,MAEY1044,"Design Computacional
DOCENTE(S): Maria Santos",8.6,APROVADO POR MÉDIA
2023,Vitoria Alice,SATJ7970,"Design de Narrativa Espacial
DOCENTE(S): Ana Costa",10.0,APROVADO POR MÉDIA
2023,Vitoria Alice,TPYC6338,"Design Thinking
DOCENTE(S): Joao Silva",9.5,APROVADO POR MÉDIA
2023,Vitoria Alice,IENT5068,"Design Experimental
DOCENTE(S): Rafaela Gomes",8.5,APROVADO POR MÉDIA
2023,Vitoria Alice,KZBU0327,"Design de Interacao Corporal
DOCENTE(S): Fernanda Lima",8.75,APROVADO POR MÉDIA
2023,Vitoria Alice,AOXV5438,"Design de Espacos Virtuais
DOCENTE(S): Pedro Oliveira",10.0,APROVADO POR MÉDIA
2023,Vitoria Alice,RRME1020,"Design Parametrico
DOCENTE(S): Juliana Rodrigues",8.05,APROVADO POR MÉDIA
2023,Vitoria Alice,TOZF3011,SemiÃ³tica,,CURSANDO
2023,Vitoria Alice,WWGS2880,Design de Realidade Hibrida,,CURSANDO
2023,Vitoria Alice,BKYH9817,Design de Interacao Social,,CURSANDO
2023,Vitoria Alice,VMGY1151,Design de Interacao Tangivel,,CURSANDO
2023,Vitoria Alice,VNBQ5535,Design de Moda,,CURSANDO
2018,Maria Manuela,OCRQ3517,"Storytelling Visual
DOCENTE(S): Maria Santos",8.25,APROVADO POR MÉDIA
2018,Maria Manuela,RJGL2456,"Design Colaborativo
DOCENTE(S): Fernanda Lima",2.75,REPROVADO
2018,Maria Manuela,QBWW6998,"Computacao Grafica
DOCENTE(S): Marcos Ferreira",7.5,APROVADO POR MÉDIA
2018,Maria Manuela,UFMQ0127,"Design para Longevidade
DOCENTE(S): Marcos Ferreira",2.3,REPROVADO
2018,Maria Manuela,MKUB0718,"Design de Mobiliario
DOCENTE(S): Fernanda Lima",9.6,APROVADO POR MÉDIA
2018,Maria Manuela,BKII1063,"Design de Visualizacao de Informacoes
DOCENTE(S): Andre Almeida",,REPROVADO POR FALTA
2018,Maria Manuela,RJYZ5864,"Identidade Visual
DOCENTE(S): Joao Silva",7.0,APROVADO POR MÉDIA
2018,Maria Manuela,TOZF3011,"SemiÃ³tica
DOCENTE(S): Luiz Pereira",9.0,APROVADO POR MÉDIA
2018,Maria Manuela,MXMO8868,"Cultura Visual
DOCENTE(S): Patricia Nunes",8.0,APROVADO POR MÉDIA
2018,Maria Manuela,RMDE3651,"Teoria do Design
DOCENTE(S): Marcos Ferreira",7.38,APROVADO POR MÉDIA
2018,Maria Manuela,AAZN5771,"Ergonomia
DOCENTE(S): Pedro Oliveira",9.75,APROVADO POR MÉDIA
2018,Maria Manuela,UXMU2899,"Interacao Tangivel
DOCENTE(S): Gustavo Martins",9.0,APROVADO POR MÉDIA
2018,Maria Manuela,VMGY1151,"Design de Interacao Tangivel
DOCENTE(S): Rafaela Gomes",6.03,APROVADO
2019,Maria Manuela,RJGL2456,"Design Colaborativo
DOCENTE(S): Fernanda Lima",7.28,APROVADO POR MÉDIA
2019,Maria Manuela,TPYC6338,"Design Thinking
DOCENTE(S): Joao Silva",8.0,APROVADO POR MÉDIA
2019,Maria Manuela,JGDZ1333,"Gamificacao
DOCENTE(S): Luiz Pereira",7.1,APROVADO POR MÉDIA
2019,Maria Manuela,BKII1063,"Design de Visualizacao de Informacoes
DOCENTE(S): Andre Almeida",3.63,REPROVADO
2019,Maria Manuela,BLDG0260,"Design de Joias
DOCENTE(S): Gustavo Martins",,REPROVADO POR FALTA
2019,Maria Manuela,KAWV5083,"Branding
DOCENTE(S): Rafaela Gomes",7.25,APROVADO POR MÉDIA
2019,Maria Manuela,DOMK5241,"Design de Aprendizado
DOCENTE(S): Ana Costa",,REPROVADO POR FALTA
2019,Maria Manuela,ZULH9584,"Projeto Integrado
DOCENTE(S): Fernanda Lima",4.22,REPROVADO
2019,Maria Manuela,WPUV3332,"Design de Tecnologia Vestivel (Wearable)
DOCENTE(S): Andre Almeida",7.75,APROVADO POR MÉDIA
2019,Maria Manuela,BKII1063,"Design de Visualizacao de Informacoes
DOCENTE(S): Andre Almeida",6.07,APROVADO
2019,Maria Manuela,LERH6635,"Design de Produto
DOCENTE(S): Carla Souza",8.0,APROVADO POR MÉDIA
2020,Maria Manuela,ZULH9584,"Projeto Integrado
DOCENTE(S): Fernanda Lima",7.85,APROVADO POR MÉDIA
2020,Maria Manuela,UFMQ0127,"Design para Longevidade
DOCENTE(S): Marcos Ferreira",9.61,APROVADO POR MÉDIA
2020,Maria Manuela,NRYN3294,"Design de Interfaces Neuromorficas
DOCENTE(S): Marcos Ferreira",7.65,APROVADO POR MÉDIA
2020,Maria Manuela,NRCI1107,"Design de Experiencia em Museus
DOCENTE(S): Pedro Oliveira",8.0,APROVADO POR MÉDIA
2020,Maria Manuela,BLDG0260,"Design de Joias
DOCENTE(S): Gustavo Martins",10.0,APROVADO POR MÉDIA
2020,Maria Manuela,FZLO1427,"Marketing de Produto
DOCENTE(S): Carla Souza",9.55,APROVADO POR MÉDIA
2020,Maria Manuela,TRQX5862,Etica em Design,10.0,APROVADO POR MÉDIA
ANO,Maria Manuela,CÓDIGO,DISCIPLINA,NOTA FINAL,SITUAÇÃO CONCEITO
2020,Maria Manuela,NGVU3526,"Ecodesign
DOCENTE(S): Diego Cardoso",9.8,APROVADO POR MÉDIA
2020,Maria Manuela,DOMK5241,"Design de Aprendizado
DOCENTE(S): Ana Costa",7.0,APROVADO POR MÉDIA
2020,Maria Manuela,COOQ5695,"Design de Interacao em Tempo Real
DOCENTE(S): Pedro Oliveira",8.5,APROVADO POR MÉDIA
2020,Maria Manuela,UCTK5222,"Design de Realidade Aumentada (AR) e Virtual (VR)
DOCENTE(S): Juliana Rodrigues",9.45,APROVADO POR MÉDIA
2020,Maria Manuela,TSYB3211,"Impressao 3D
DOCENTE(S): Marcos Ferreira",10.0,APROVADO POR MÉDIA
2020,Maria Manuela,XERB6119,"Gestao de Marcas
DOCENTE(S): Maria Santos",8.0,APROVADO POR MÉDIA
2021,Maria Manuela,JJNT2088,"Manipulacao de Imagem
DOCENTE(S): Diego Cardoso",9.0,APROVADO POR MÉDIA
2021,Maria Manuela,BMDH7993,"Design de Apresentacoes
DOCENTE(S): Diego Cardoso",8.75,APROVADO POR MÉDIA
2021,Maria Manuela,IENT5068,"Design Experimental
DOCENTE(S): Rafaela Gomes",8.0,APROVADO POR MÉDIA
2021,Maria Manuela,VOQA5582,"Tipografia
DOCENTE(S): Joao Silva",9.85,APROVADO POR MÉDIA
2021,Maria Manuela,DQUN5124,"Comunicacao Visual
DOCENTE(S): Luiz Pereira",8.5,APROVADO POR MÉDIA
2021,Maria Manuela,AOXV5438,"Design de Espacos Virtuais
DOCENTE(S): Pedro Oliveira",9.0,APROVADO POR MÉDIA
2021,Maria Manuela,RRME1020,"Design Parametrico
DOCENTE(S): Juliana Rodrigues",7.0,APROVADO POR MÉDIA
2021,Maria Manuela,VFBH8799,"Design Cibernetico
DOCENTE(S): Joao Silva",9.75,APROVADO POR MÉDIA
2021,Maria Manuela,JVFQ7338,"Design de Interacao Cultural
DOCENTE(S): Gustavo Martins",7.5,APROVADO POR MÉDIA
2021,Maria Manuela,DZNQ4989,"Design Cenico
DOCENTE(S): Ana Costa",8.0,APROVADO POR MÉDIA
2021,Maria Manuela,WWGS2880,"Design de Realidade Hibrida
DOCENTE(S): Pedro Oliveira",9.5,APROVADO POR MÉDIA
2021,Maria Manuela,QVGO0107,"Prototipagem em Papel
DOCENTE(S): Juliana Rodrigues",8.0,APROVADO POR MÉDIA
2022,Maria Manuela,MAEY1044,"Design Computacional
DOCENTE(S): Maria Santos",7.7,APROVADO POR MÉDIA
2022,Maria Manuela,HQDD9963,"Design Sonoro
DOCENTE(S): Patricia Nunes",9.5,APROVADO POR MÉDIA
2022,Maria Manuela,RVMF0745,"Design Biomimetico
DOCENTE(S): Carla Souza
(DOUTORADO).",10.0,APROVADO POR MÉDIA
2022,Maria Manuela,KZBU0327,"Design de Interacao Corporal
DOCENTE(S): Fernanda Lima",9.0,APROVADO POR MÉDIA
2022,Maria Manuela,NVRL4030,"Materiais e Processos
DOCENTE(S): Juliana Rodrigues",10.0,APROVADO POR MÉDIA
2022,Maria Manuela,JJLP9232,"Design de Realidade Simulada
DOCENTE(S): Larissa Vieira",10.0,APROVADO POR MÉDIA
2022,Maria Manuela,TLQG8423,"Design Biofilico
DOCENTE(S): Ana Costa",9.0,APROVADO POR MÉDIA
2023,Maria Manuela,SATJ7970,"Design de Narrativa Espacial
DOCENTE(S): Ana Costa",10.0,APROVADO POR MÉDIA
2023,Maria Manuela,LSHL3127,"Design de Redes Sociais
DOCENTE(S): Larissa Vieira",9.25,APROVADO POR MÉDIA
2023,Maria Manuela,TWIP0018,Teoria da Cor,,CURSANDO
2023,Maria Manuela,XYOT5349,Tecnicas de Iluminacao,,CURSANDO
2008,Marcelo Laura,OCRQ3517,Storytelling Visual,,REPROVADO POR FALTA
2008,Marcelo Laura,RJGL2456,Design Colaborativo,,REPROVADO POR FALTA
2008,Marcelo Laura,QBWW6998,Computacao Grafica,,REPROVADO POR FALTA
2008,Marcelo Laura,UFMQ0127,Design para Longevidade,,REPROVADO POR FALTA
2008,Marcelo Laura,MKUB0718,Design de Mobiliario,,REPROVADO POR FALTA
2008,Marcelo Laura,BKII1063,Design de Visualizacao de Informacoes,,REPROVADO POR FALTA
2008,Marcelo Laura,RJYZ5864,Identidade Visual,,REPROVADO POR FALTA
2010,Marcelo Laura,,DESVINCULADO,,
2020,Luciana Luca,OCRQ3517,"Storytelling Visual
DOCENTE(S): Maria Santos",,REPROVADO POR FALTA
2020,Luciana Luca,RJGL2456,"Design Colaborativo
DOCENTE(S): Fernanda Lima",,REPROVADO POR FALTA
2020,Luciana Luca,QBWW6998,"Computacao Grafica
DOCENTE(S): Marcos Ferreira",,REPROVADO POR FALTA
2020,Luciana Luca,UFMQ0127,"Design para Longevidade
DOCENTE(S): Marcos Ferreira",,REPROVADO POR FALTA
2020,Luciana Luca,MKUB0718,"Design de Mobiliario
DOCENTE(S): Fernanda Lima",,REPROVADO POR FALTA
2020,Luciana Luca,BKII1063,"Design de Visualizacao de Informacoes
DOCENTE(S): Andre Almeida",,REPROVADO POR FALTA
2020,Luciana Luca,RJYZ5864,"Identidade Visual
DOCENTE(S): Joao Silva",,REPROVADO POR FALTA
2020,Luciana Luca,,DESVINCULADO,,
2011,Luca Lorena,OCRQ3517,Storytelling Visual,7.8,APROVADO POR MÉDIA
2011,Luca Lorena,RJGL2456,Design Colaborativo,2.63,REPROVADO
2011,Luca Lorena,QBWW6998,Computacao Grafica,9.5,APROVADO POR MÉDIA
2011,Luca Lorena,UFMQ0127,Design para Longevidade,9.0,APROVADO POR MÉDIA
2011,Luca Lorena,MKUB0718,Design de Mobiliario,,APROVADO POR FREQÜÊNCIA
2011,Luca Lorena,BKII1063,Design de Visualizacao de Informacoes,5.5,APROVADO
2011,Luca Lorena,RJYZ5864,Identidade Visual,9.0,APROVADO POR MÉDIA
2011,Luca Lorena,RJGL2456,Design Colaborativo,9.0,APROVADO POR MÉDIA
2011,Luca Lorena,JGDZ1333,Gamificacao,9.5,APROVADO POR MÉDIA
2011,Luca Lorena,NRYN3294,Design de Interfaces Neuromorficas,9.0,APROVADO POR MÉDIA
2011,Luca Lorena,NRCI1107,Design de Experiencia em Museus,8.0,APROVADO POR MÉDIA
2011,Luca Lorena,MXMO8868,Cultura Visual,5.88,APROVADO
2011,Luca Lorena,BLDG0260,Design de Joias,8.8,APROVADO POR MÉDIA
2011,Luca Lorena,AAZN5771,Ergonomia,7.75,APROVADO POR MÉDIA
2012,Luca Lorena,DOMK5241,Design de Aprendizado,8.5,APROVADO POR MÉDIA
2012,Luca Lorena,JJNT2088,Manipulacao de Imagem,7.5,APROVADO POR MÉDIA
2012,Luca Lorena,ZULH9584,Projeto Integrado,8.75,APROVADO POR MÉDIA
2012,Luca Lorena,WPUV3332,Design de Tecnologia Vestivel (Wearable),7.55,APROVADO POR MÉDIA
2012,Luca Lorena,TPYC6338,Design Thinking,7.0,APROVADO POR MÉDIA
2012,Luca Lorena,TSYB3211,Impressao 3D,7.38,APROVADO POR MÉDIA
2012,Luca Lorena,KAWV5083,Branding,7.45,APROVADO POR MÉDIA
2012,Luca Lorena,NGVU3526,Ecodesign,9.5,APROVADO POR MÉDIA
2012,Luca Lorena,COOQ5695,Design de Interacao em Tempo Real,7.5,APROVADO POR MÉDIA
2012,Luca Lorena,UCTK5222,Design de Realidade Aumentada (AR) e Virtual (VR),7.25,APROVADO POR MÉDIA
2012,Luca Lorena,JVFQ7338,Design de Interacao Cultural,4.13,REPROVADO
2012,Luca Lorena,VOQA5582,Tipografia,7.0,APROVADO POR MÉDIA
2012,Luca Lorena,QVGO0107,Prototipagem em Papel,4.38,REPROVADO
2012,Luca Lorena,FZLO1427,Marketing de Produto,7.5,APROVADO POR MÉDIA
2012,Luca Lorena,LERH6635,Design de Produto,7.0,APROVADO POR MÉDIA
2013,Luca Lorena,VFBH8799,Design Cibernetico,8.0,APROVADO POR MÉDIA
2013,Luca Lorena,JVFQ7338,Design de Interacao Cultural,7.25,APROVADO POR MÉDIA
2013,Luca Lorena,IENT5068,Design Experimental,8.25,APROVADO POR MÉDIA
2013,Luca Lorena,QVGO0107,Prototipagem em Papel,7.9,APROVADO POR MÉDIA
2013,Luca Lorena,AOXV5438,Design de Espacos Virtuais,7.5,APROVADO POR MÉDIA
2013,Luca Lorena,RRME1020,Design Parametrico,8.5,APROVADO POR MÉDIA
2013,Luca Lorena,MAEY1044,Design Computacional,9.75,APROVADO POR MÉDIA
2013,Luca Lorena,BMDH7993,Design de Apresentacoes,7.75,APROVADO POR MÉDIA
2013,Luca Lorena,SATJ7970,Design de Narrativa Espacial,9.3,APROVADO POR MÉDIA
2013,Luca Lorena,LLKP8902,Design Digital,8.5,APROVADO POR MÉDIA
2013,Luca Lorena,DZNQ4989,Design Cenico,7.6,APROVADO POR MÉDIA
2013,Luca Lorena,KZBU0327,Design de Interacao Corporal,5.13,APROVADO
2013,Luca Lorena,XERB6119,Gestao de Marcas,9.15,APROVADO POR MÉDIA
2013,Luca Lorena,UXMU2899,Interacao Tangivel,7.0,APROVADO POR MÉDIA
2013,Luca Lorena,TRQX5862,Etica em Design,8.25,APROVADO POR MÉDIA
2014,Luca Lorena,TOZF3011,SemiÃ³tica,1.63,REPROVADO
2014,Luca Lorena,RVMF0745,Design Biomimetico,,REPROVADO POR FALTA
ANO,Luca Lorena,CÓDIGO,DISCIPLINA,NOTA FINAL,SITUAÇÃO CONCEITO
2014,Luca Lorena,TWIP0018,Teoria da Cor,8.0,APROVADO POR MÉDIA
2014,Luca Lorena,RMDE3651,Teoria do Design,7.0,APROVADO POR MÉDIA
2014,Luca Lorena,DQUN5124,Comunicacao Visual,8.25,APROVADO POR MÉDIA
2014,Luca Lorena,VMGY1151,Design de Interacao Tangivel,,REPROVADO POR FALTA
2014,Luca Lorena,LSHL3127,Design de Redes Sociais,7.0,APROVADO POR MÉDIA
2014,Luca Lorena,PBCQ5148,Design de Impressao e Publicacao,7.0,APROVADO POR MÉDIA
2014,Luca Lorena,VNBQ5535,Design de Moda,8.5,APROVADO POR MÉDIA
2014,Luca Lorena,TOZF3011,SemiÃ³tica,7.0,APROVADO POR MÉDIA
2014,Luca Lorena,HILN2052,Design de Impacto Social,7.0,APROVADO POR MÉDIA
2014,Luca Lorena,RVMF0745,Design Biomimetico,5.0,APROVADO
2014,Luca Lorena,NVRL4030,Materiais e Processos,9.0,APROVADO POR MÉDIA
2014,Luca Lorena,VMGY1151,Design de Interacao Tangivel,8.0,APROVADO POR MÉDIA
2014,Luca Lorena,XYOT5349,Tecnicas de Iluminacao,,REPROVADO POR FALTA
2015,Luca Lorena,XYOT5349,Tecnicas de Iluminacao,,REPROVADO POR FALTA
2015,Luca Lorena,XYOT5349,Tecnicas de Iluminacao,9.0,APROVADO POR MÉDIA
2015,Luca Lorena,,INTEGRALIZADO,,
2016,Luca Lorena,,FORMADO,,
2010,Beatriz Paula,OCRQ3517,Storytelling Visual,7.3,APROVADO POR MÉDIA
2010,Beatriz Paula,RJGL2456,Design Colaborativo,0.5,REPROVADO
2010,Beatriz Paula,QBWW6998,Computacao Grafica,5.72,APROVADO
2010,Beatriz Paula,UFMQ0127,Design para Longevidade,6.0,APROVADO
2010,Beatriz Paula,MKUB0718,Design de Mobiliario,,APROVADO POR FREQÜÊNCIA
2010,Beatriz Paula,BKII1063,Design de Visualizacao de Informacoes,2.5,REPROVADO
2010,Beatriz Paula,RJYZ5864,Identidade Visual,6.63,APROVADO
2010,Beatriz Paula,RJGL2456,Design Colaborativo,2.45,REPROVADO
2010,Beatriz Paula,TPYC6338,Design Thinking,7.5,APROVADO POR MÉDIA
2010,Beatriz Paula,JGDZ1333,Gamificacao,9.75,APROVADO POR MÉDIA
2010,Beatriz Paula,BKII1063,Design de Visualizacao de Informacoes,5.63,APROVADO
2010,Beatriz Paula,AAZN5771,Ergonomia,7.0,APROVADO POR MÉDIA
2011,Beatriz Paula,RJGL2456,Design Colaborativo,,REPROVADO POR FALTA
2011,Beatriz Paula,NRYN3294,Design de Interfaces Neuromorficas,3.55,REPROVADO
2011,Beatriz Paula,NRCI1107,Design de Experiencia em Museus,4.13,REPROVADO
2011,Beatriz Paula,BLDG0260,Design de Joias,9.0,APROVADO POR MÉDIA
2011,Beatriz Paula,UXMU2899,Interacao Tangivel,,APROVADO POR FREQÜÊNCIA
2011,Beatriz Paula,COOQ5695,Design de Interacao em Tempo Real,7.9,APROVADO POR MÉDIA
2011,Beatriz Paula,RJGL2456,Design Colaborativo,4.0,REPROVADO
2011,Beatriz Paula,UCTK5222,Design de Realidade Aumentada (AR) e Virtual (VR),,REPROVADO POR FALTA
2011,Beatriz Paula,NRCI1107,Design de Experiencia em Museus,6.63,APROVADO
2011,Beatriz Paula,MXMO8868,Cultura Visual,8.0,APROVADO
2012,Beatriz Paula,RJGL2456,Design Colaborativo,8.0,APROVADO POR MÉDIA
2012,Beatriz Paula,NRYN3294,Design de Interfaces Neuromorficas,5.7,APROVADO
2012,Beatriz Paula,VOQA5582,Tipografia,3.47,REPROVADO
2012,Beatriz Paula,RRME1020,Design Parametrico,4.7,REPROVADO
2012,Beatriz Paula,DOMK5241,Design de Aprendizado,7.0,APROVADO POR MÉDIA
2012,Beatriz Paula,JJNT2088,Manipulacao de Imagem,7.8,APROVADO POR MÉDIA
2012,Beatriz Paula,ZULH9584,Projeto Integrado,3.55,REPROVADO
2012,Beatriz Paula,WPUV3332,Design de Tecnologia Vestivel (Wearable),8.1,APROVADO POR MÉDIA
2012,Beatriz Paula,TSYB3211,Impressao 3D,7.45,APROVADO POR MÉDIA
2012,Beatriz Paula,VOQA5582,Tipografia,3.2,REPROVADO
2012,Beatriz Paula,KAWV5083,Branding,4.25,REPROVADO
2013,Beatriz Paula,NGVU3526,Ecodesign,9.0,APROVADO POR MÉDIA
2013,Beatriz Paula,VFBH8799,Design Cibernetico,7.5,APROVADO POR MÉDIA
2013,Beatriz Paula,UCTK5222,Design de Realidade Aumentada (AR) e Virtual (VR),9.25,APROVADO POR MÉDIA
2013,Beatriz Paula,JVFQ7338,Design de Interacao Cultural,7.75,APROVADO POR MÉDIA
2013,Beatriz Paula,VOQA5582,Tipografia,6.15,APROVADO
2013,Beatriz Paula,QVGO0107,Prototipagem em Papel,6.78,APROVADO
2013,Beatriz Paula,AOXV5438,Design de Espacos Virtuais,7.7,APROVADO POR MÉDIA
2013,Beatriz Paula,RRME1020,Design Parametrico,9.75,APROVADO POR MÉDIA
2013,Beatriz Paula,ZULH9584,Projeto Integrado,5.57,APROVADO
2013,Beatriz Paula,BMDH7993,Design de Apresentacoes,8.0,APROVADO POR MÉDIA
2013,Beatriz Paula,SATJ7970,Design de Narrativa Espacial,8.7,APROVADO POR MÉDIA
2013,Beatriz Paula,LLKP8902,Design Digital,8.3,APROVADO POR MÉDIA
ANO,Beatriz Paula,CÓDIGO,DISCIPLINA,NOTA FINAL,SITUAÇÃO CONCEITO
2013,Beatriz Paula,KZBU0327,Design de Interacao Corporal,7.25,APROVADO POR MÉDIA
2013,Beatriz Paula,KAWV5083,Branding,7.0,APROVADO POR MÉDIA
2014,Beatriz Paula,TOZF3011,SemiÃ³tica,1.13,REPROVADO
2014,Beatriz Paula,MAEY1044,Design Computacional,5.03,APROVADO
2014,Beatriz Paula,HQDD9963,Design Sonoro,7.5,APROVADO POR MÉDIA
2014,Beatriz Paula,RVMF0745,Design Biomimetico,9.0,APROVADO POR MÉDIA
2014,Beatriz Paula,TWIP0018,Teoria da Cor,10.0,APROVADO POR MÉDIA
2014,Beatriz Paula,RMDE3651,Teoria do Design,8.5,APROVADO POR MÉDIA
2014,Beatriz Paula,FZLO1427,Marketing de Produto,3.38,REPROVADO
2014,Beatriz Paula,VMGY1151,Design de Interacao Tangivel,8.0,APROVADO POR MÉDIA
2014,Beatriz Paula,TOZF3011,SemiÃ³tica,8.5,APROVADO POR MÉDIA
2014,Beatriz Paula,FZLO1427,Marketing de Produto,8.39,APROVADO POR MÉDIA
2014,Beatriz Paula,VNBQ5535,Design de Moda,9.5,APROVADO POR MÉDIA
2014,Beatriz Paula,XYOT5349,Tecnicas de Iluminacao,10.0,APROVADO POR MÉDIA
2015,Beatriz Paula,IENT5068,Design Experimental,7.75,APROVADO POR MÉDIA
2015,Beatriz Paula,XERB6119,Gestao de Marcas,5.13,APROVADO
2015,Beatriz Paula,LERH6635,Design de Produto,7.75,APROVADO POR MÉDIA
2015,Beatriz Paula,DZNQ4989,Design Cenico,5.25,APROVADO
2015,Beatriz Paula,WWGS2880,Design de Realidade Hibrida,7.2,APROVADO POR MÉDIA
2015,Beatriz Paula,DQUN5124,Comunicacao Visual,9.5,APROVADO POR MÉDIA
2015,Beatriz Paula,NVRL4030,Materiais e Processos,10.0,APROVADO POR MÉDIA
2015,Beatriz Paula,LSHL3127,Design de Redes Sociais,5.39,APROVADO
2015,Beatriz Paula,TRQX5862,Etica em Design,8.75,APROVADO POR MÉDIA
2015,Beatriz Paula,,INTEGRALIZADO,,
2016,Beatriz Paula,,FORMADO,,
2005,DOCENTE(S): -----------.,OCRQ3517,Storytelling Visual,8.65,APROVADO POR MÉDIA
2005,DOCENTE(S): -----------.,RJGL2456,Design Colaborativo,7.1,APROVADO POR MÉDIA
2005,DOCENTE(S): -----------.,QBWW6998,Computacao Grafica,8.0,APROVADO POR MÉDIA
2005,DOCENTE(S): -----------.,UFMQ0127,Design para Longevidade,7.5,APROVADO POR MÉDIA
2005,DOCENTE(S): -----------.,MKUB0718,Design de Mobiliario,,APROVADO POR FREQÜÊNCIA
2005,DOCENTE(S): -----------.,BKII1063,Design de Visualizacao de Informacoes,,REPROVADO POR FALTA
2005,DOCENTE(S): -----------.,RJYZ5864,Identidade Visual,7.0,APROVADO POR MÉDIA
2006,DOCENTE(S): -----------.,,DESLIGAMENTO,,
2008,Rafael Amanda,OCRQ3517,Storytelling Visual,7.5,APROVADO POR MÉDIA
2008,Rafael Amanda,RJGL2456,Design Colaborativo,,REPROVADO POR FALTA
2008,Rafael Amanda,QBWW6998,Computacao Grafica,8.0,APROVADO POR MÉDIA
2008,Rafael Amanda,UFMQ0127,Design para Longevidade,,REPROVADO POR FALTA
2008,Rafael Amanda,MKUB0718,Design de Mobiliario,8.0,APROVADO POR MÉDIA
2008,Rafael Amanda,BKII1063,Design de Visualizacao de Informacoes,1.25,REPROVADO
2008,Rafael Amanda,RJYZ5864,Identidade Visual,9.05,APROVADO POR MÉDIA
2008,Rafael Amanda,RJGL2456,Design Colaborativo,,REPROVADO POR FALTA
2008,Rafael Amanda,UFMQ0127,Design para Longevidade,3.25,REPROVADO
2008,Rafael Amanda,BKII1063,Design de Visualizacao de Informacoes,5.0,APROVADO
2008,Rafael Amanda,MXMO8868,Cultura Visual,9.25,APROVADO POR MÉDIA
2008,Rafael Amanda,UXMU2899,Interacao Tangivel,,APROVADO POR FREQÜÊNCIA
2008,Rafael Amanda,KAWV5083,Branding,7.0,APROVADO POR MÉDIA
2009,Rafael Amanda,RJGL2456,Design Colaborativo,,REPROVADO POR FALTA
2009,Rafael Amanda,TPYC6338,Design Thinking,7.25,APROVADO POR MÉDIA
2009,Rafael Amanda,NRYN3294,Design de Interfaces Neuromorficas,,REPROVADO POR FALTA
2009,Rafael Amanda,NRCI1107,Design de Experiencia em Museus,,REPROVADO POR FALTA
2009,Rafael Amanda,RMDE3651,Teoria do Design,7.0,APROVADO POR MÉDIA
2009,Rafael Amanda,BLDG0260,Design de Joias,7.0,APROVADO POR MÉDIA
2009,Rafael Amanda,AAZN5771,Ergonomia,8.77,APROVADO POR MÉDIA
2009,Rafael Amanda,LERH6635,Design de Produto,8.65,APROVADO POR MÉDIA
2009,Rafael Amanda,RJGL2456,Design Colaborativo,,REPROVADO POR FALTA
2009,Rafael Amanda,RVMF0745,Design Biomimetico,,REPROVADO POR FALTA
2009,Rafael Amanda,TRQX5862,Etica em Design,,REPROVADO POR FALTA
2010,Rafael Amanda,RJGL2456,Design Colaborativo,,REPROVADO POR FALTA
2010,Rafael Amanda,UFMQ0127,Design para Longevidade,,REPROVADO POR FALTA
2010,Rafael Amanda,COOQ5695,Design de Interacao em Tempo Real,,REPROVADO POR FALTA
2010,Rafael Amanda,RJGL2456,Design Colaborativo,,REPROVADO POR FALTA
2010,Rafael Amanda,RVMF0745,Design Biomimetico,,REPROVADO POR FALTA
2010,Rafael Amanda,UFMQ0127,Design para Longevidade,,REPROVADO POR FALTA
2010,Rafael Amanda,DZNQ4989,Design Cenico,,REPROVADO POR FALTA
2010,Rafael Amanda,TRQX5862,Etica em Design,,REPROVADO POR FALTA
2011,Rafael Amanda,BMDH7993,Design de Apresentacoes,,REPROVADO POR FALTA
2011,Rafael Amanda,RVMF0745,Design Biomimetico,,REPROVADO POR FALTA
2011,Rafael Amanda,DZNQ4989,Design Cenico,,REPROVADO POR FALTA
2011,Rafael Amanda,JGDZ1333,Gamificacao,,REPROVADO POR FALTA
2011,Rafael Amanda,NRCI1107,Design de Experiencia em Museus,,REPROVADO POR FALTA
2011,Rafael Amanda,TRQX5862,Etica em Design,,REPROVADO POR FALTA
2011,Rafael Amanda,,DESLIGAMENTO,,
2007,Alice Guilherme,,DESLIGAMENTO,,
2022,Sophie Natalia,VOEO3500,"Fabricacao Digital
DOCENTE(S): Pedro Oliveira",9.25,APROVADO POR MÉDIA
2022,Sophie Natalia,FXNL8248,"Design de Mobiliario Urbano
DOCENTE(S): Marcos Ferreira",7.0,APROVADO POR MÉDIA
2022,Sophie Natalia,LRHU3100,"Principios de Design
DOCENTE(S): Patricia Nunes",4.25,REPROVADO
2022,Sophie Natalia,WEYQ3918,"Design de Embalagens
DOCENTE(S): Carla Souza",8.1,APROVADO POR MÉDIA
2022,Sophie Natalia,HQNZ9122,"Design Editorial
DOCENTE(S): Gustavo Martins",8.5,APROVADO POR MÉDIA
2022,Sophie Natalia,IJXL5321,"Design de Intervencao
DOCENTE(S): Joao Silva",7.8,APROVADO POR MÉDIA
2022,Sophie Natalia,WSKA4167,"Design Sustentavel
DOCENTE(S): Joao Silva",8.5,APROVADO POR MÉDIA
2022,Sophie Natalia,SDBY9901,"Visualizacao de Dados
DOCENTE(S): Andre Almeida",8.38,APROVADO POR MÉDIA
2022,Sophie Natalia,PJRH2988,"Design de Interacao Emocional
DOCENTE(S): Pedro Oliveira",7.0,APROVADO POR MÉDIA
2022,Sophie Natalia,JKVZ3462,"Design Estrategico
DOCENTE(S): Carla Souza",7.5,APROVADO POR MÉDIA
2022,Sophie Natalia,OVBZ5505,"Design de Acessibilidade
DOCENTE(S): Carla Souza",9.8,APROVADO POR MÉDIA
2022,Sophie Natalia,ZAIU7922,"Design de Instrumentos Musicais
DOCENTE(S): Andre Almeida",6.25,APROVADO
2023,Sophie Natalia,IFDE0732,"Design Generativo
DOCENTE(S): Larissa Vieira",9.0,APROVADO POR MÉDIA
2023,Sophie Natalia,IPKL2289,"Design Participativo
DOCENTE(S): Larissa Vieira",7.65,APROVADO POR MÉDIA
2023,Sophie Natalia,VDQT9946,"Pesquisa em Design
DOCENTE(S): Marcos Ferreira",7.65,APROVADO POR MÉDIA
2023,Sophie Natalia,LRHU3100,"Principios de Design
DOCENTE(S): Patricia Nunes",7.75,APROVADO POR MÉDIA
2023,Sophie Natalia,NPRM1263,"Criacao de Personagens
DOCENTE(S): Juliana Rodrigues",8.55,APROVADO POR MÉDIA
2023,Sophie Natalia,LCDL2427,"Design de Veiculos
DOCENTE(S): Juliana Rodrigues",8.5,APROVADO POR MÉDIA
2023,Sophie Natalia,NLTJ3774,"Design de Comportamento
DOCENTE(S): Pedro Oliveira",8.3,APROVADO POR MÉDIA
2023,Sophie Natalia,GNWI1783,Design de Interface (UI),,CURSANDO
2023,Sophie Natalia,GGRQ0786,Estrategias de Comunicacao,,CURSANDO
2023,Sophie Natalia,FROV6829,Design de Rituais e Cerimonias,,CURSANDO
2023,Sophie Natalia,ANKI1176,Psicologia do Consumidor,,CURSANDO
2023,Sophie Natalia,DOGE5525,Design de Experiencia em Varejo,,CURSANDO
2006,Luiz Manuela,OCRQ3517,Storytelling Visual,5.13,APROVADO
2006,Luiz Manuela,RJGL2456,Design Colaborativo,7.0,APROVADO POR MÉDIA
2006,Luiz Manuela,QBWW6998,Computacao Grafica,8.0,APROVADO POR MÉDIA
2006,Luiz Manuela,UFMQ0127,Design para Longevidade,3.5,REPROVADO
2006,Luiz Manuela,MKUB0718,Design de Mobiliario,9.0,APROVADO POR MÉDIA
2006,Luiz Manuela,BKII1063,Design de Visualizacao de Informacoes,7.25,APROVADO POR MÉDIA
2006,Luiz Manuela,RJYZ5864,Identidade Visual,7.0,APROVADO POR MÉDIA
2007,Luiz Manuela,DOMK5241,Design de Aprendizado,5.25,APROVADO
2007,Luiz Manuela,ZULH9584,Projeto Integrado,,REPROVADO POR FALTA
2007,Luiz Manuela,WPUV3332,Design de Tecnologia Vestivel (Wearable),6.7,APROVADO
2007,Luiz Manuela,NRYN3294,Design de Interfaces Neuromorficas,7.0,APROVADO POR MÉDIA
2007,Luiz Manuela,NRCI1107,Design de Experiencia em Museus,7.5,APROVADO POR MÉDIA
2007,Luiz Manuela,AAZN5771,Ergonomia,7.0,APROVADO POR MÉDIA
2007,Luiz Manuela,JJNT2088,Manipulacao de Imagem,2.88,REPROVADO
2007,Luiz Manuela,TPYC6338,Design Thinking,,REPROVADO POR FALTA
2007,Luiz Manuela,JGDZ1333,Gamificacao,7.0,APROVADO POR MÉDIA
2007,Luiz Manuela,TSYB3211,Impressao 3D,5.88,APROVADO
2007,Luiz Manuela,VOQA5582,Tipografia,5.0,APROVADO
2007,Luiz Manuela,BLDG0260,Design de Joias,6.5,APROVADO
2007,Luiz Manuela,KAWV5083,Branding,7.0,APROVADO POR MÉDIA
2008,Luiz Manuela,NGVU3526,Ecodesign,7.1,APROVADO POR MÉDIA
2008,Luiz Manuela,COOQ5695,Design de Interacao em Tempo Real,,REPROVADO POR FALTA
2008,Luiz Manuela,VFBH8799,Design Cibernetico,,REPROVADO POR FALTA
2008,Luiz Manuela,JVFQ7338,Design de Interacao Cultural,,REPROVADO POR FALTA
2008,Luiz Manuela,TPYC6338,Design Thinking,,CANCELADO COM ONUS
2008,Luiz Manuela,QVGO0107,Prototipagem em Papel,,REPROVADO POR FALTA
2008,Luiz Manuela,UXMU2899,Interacao Tangivel,,REPROVADO POR FALTA
2008,Luiz Manuela,LERH6635,Design de Produto,,REPROVADO POR FALTA
2008,Luiz Manuela,COOQ5695,Design de Interacao em Tempo Real,,REPROVADO POR FALTA
2008,Luiz Manuela,VFBH8799,Design Cibernetico,,REPROVADO POR FALTA
2008,Luiz Manuela,ZULH9584,Projeto Integrado,,REPROVADO POR FALTA
2008,Luiz Manuela,BMDH7993,Design de Apresentacoes,7.25,APROVADO POR MÉDIA
2008,Luiz Manuela,MXMO8868,Cultura Visual,8.0,APROVADO POR MÉDIA
2008,Luiz Manuela,RMDE3651,Teoria do Design,,REPROVADO POR FALTA
2008,Luiz Manuela,QVGO0107,Prototipagem em Papel,,REPROVADO POR FALTA
2008,Luiz Manuela,LERH6635,Design de Produto,,REPROVADO POR FALTA
2009,Luiz Manuela,COOQ5695,Design de Interacao em Tempo Real,,REPROVADO POR FALTA
2009,Luiz Manuela,ZULH9584,Projeto Integrado,2.5,REPROVADO
2009,Luiz Manuela,UFMQ0127,Design para Longevidade,1.88,REPROVADO
2009,Luiz Manuela,QVGO0107,Prototipagem em Papel,,REPROVADO POR FALTA
2009,Luiz Manuela,JJNT2088,Manipulacao de Imagem,,REPROVADO POR FALTA
2009,Luiz Manuela,UFMQ0127,Design para Longevidade,,REPROVADO POR FALTA
2010,Luiz Manuela,JJNT2088,Manipulacao de Imagem,,REPROVADO POR FALTA
2010,Luiz Manuela,ZULH9584,Projeto Integrado,,REPROVADO POR FALTA
2010,Luiz Manuela,UFMQ0127,Design para Longevidade,,REPROVADO POR FALTA
ANO,Luiz Manuela,CÓDIGO,DISCIPLINA,NOTA FINAL,SITUAÇÃO CONCEITO
2010,Luiz Manuela,RMDE3651,Teoria do Design,,REPROVADO POR FALTA
2010,Luiz Manuela,QVGO0107,Prototipagem em Papel,,REPROVADO POR FALTA
2010,Luiz Manuela,LERH6635,Design de Produto,,REPROVADO POR FALTA
2010,Luiz Manuela,RRME1020,Design Parametrico,,REPROVADO POR FALTA
2010,Luiz Manuela,COOQ5695,Design de Interacao em Tempo Real,,REPROVADO POR FALTA
2010,Luiz Manuela,HQDD9963,Design Sonoro,,REPROVADO POR FALTA
2010,Luiz Manuela,RVMF0745,Design Biomimetico,,REPROVADO POR FALTA
2010,Luiz Manuela,UFMQ0127,Design para Longevidade,,REPROVADO POR FALTA
2010,Luiz Manuela,QVGO0107,Prototipagem em Papel,,REPROVADO POR FALTA
2011,Luiz Manuela,HQDD9963,Design Sonoro,,REPROVADO POR FALTA
2011,Luiz Manuela,UFMQ0127,Design para Longevidade,,REPROVADO POR FALTA
2011,Luiz Manuela,TPYC6338,Design Thinking,,REPROVADO POR FALTA
2011,Luiz Manuela,BKYH9817,Design de Interacao Social,,REPROVADO POR FALTA
2011,Luiz Manuela,VMGY1151,Design de Interacao Tangivel,,REPROVADO POR FALTA
2012,Luiz Manuela,,DESLIGAMENTO,,
2015,Isadora Mariana,OCRQ3517,Storytelling Visual,7.0,APROVADO POR MÉDIA
2015,Isadora Mariana,RJGL2456,Design Colaborativo,5.0,APROVADO
2015,Isadora Mariana,QBWW6998,Computacao Grafica,7.75,APROVADO POR MÉDIA
2015,Isadora Mariana,UFMQ0127,Design para Longevidade,,REPROVADO POR FALTA
2015,Isadora Mariana,MKUB0718,Design de Mobiliario,,APROVADO POR FREQÜÊNCIA
2015,Isadora Mariana,BKII1063,Design de Visualizacao de Informacoes,9.5,APROVADO POR MÉDIA
2015,Isadora Mariana,RJYZ5864,Identidade Visual,9.5,APROVADO POR MÉDIA
2015,Isadora Mariana,ZULH9584,Projeto Integrado,2.55,REPROVADO
2015,Isadora Mariana,WPUV3332,Design de Tecnologia Vestivel (Wearable),7.0,APROVADO POR MÉDIA
2015,Isadora Mariana,UFMQ0127,Design para Longevidade,,REPROVADO POR FALTA
2015,Isadora Mariana,NRYN3294,Design de Interfaces Neuromorficas,,REPROVADO POR FALTA
2015,Isadora Mariana,NRCI1107,Design de Experiencia em Museus,,REPROVADO POR FALTA
2015,Isadora Mariana,AAZN5771,Ergonomia,,REPROVADO POR FALTA
2016,Isadora Mariana,,DESVINCULADO,,
2006,Paula Michele,OCRQ3517,Storytelling Visual,,REPROVADO POR FALTA
2006,Paula Michele,RJGL2456,Design Colaborativo,,REPROVADO POR FALTA
2006,Paula Michele,QBWW6998,Computacao Grafica,,REPROVADO POR FALTA
2006,Paula Michele,UFMQ0127,Design para Longevidade,,REPROVADO POR FALTA
2006,Paula Michele,MKUB0718,Design de Mobiliario,7.5,APROVADO POR MÉDIA
2006,Paula Michele,BKII1063,Design de Visualizacao de Informacoes,,REPROVADO POR FALTA
2006,Paula Michele,RJYZ5864,Identidade Visual,2.5,REPROVADO
2007,Paula Michele,,DESVINCULADO,,
