cod_disciplina,nome_disciplina,carga_horaria,credito,curriculo
OCRQ3517,Storytelling Visual,60,4,1
RJGL2456,Design Colaborativo,60,4,1
QBWW6998,Computacao Grafica,30,2,1
UFMQ0127,Design para Longevidade,60,4,1
MKUB0718,Design de Mobiliario,30,2,1
BKII1063,Design de Visualizacao de Informacoes,60,3,1
RJYZ5864,Identidade Visual,60,4,1
JGDZ1333,Gamificacao,30,2,1
NRCI1107,Design de Experiencia em Museus,60,4,1
MXMO8868,Cultura Visual,30,2,1
BLDG0260,Design de Joias,60,3,1
AAZN5771,Ergonomia,60,4,1
TPYC6338,Design Thinking,30,2,1
NRYN3294,Design de Interfaces Neuromorficas,60,3,1
VOQA5582,Tipografia,60,4,1
UCTK5222,Design de Realidade Aumentada (AR) e Virtual (VR),60,4,1
KAWV5083,Branding,60,4,1
UXMU2899,Interacao Tangivel,30,2,1
DOMK5241,"Design de Aprendizado
DOCENTE(S): Ana Costa",60,4,1
ZULH9584,"Projeto Integrado
DOCENTE(S): Fernanda Lima",60,4,1
WPUV3332,"Design de Tecnologia Vestivel (Wearable)
DOCENTE(S): Andre Almeida",30,2,1
NGVU3526,"Ecodesign
DOCENTE(S): Diego Cardoso",30,2,1
VOEO3500,"Fabricacao Digital
DOCENTE(S): Pedro Oliveira",60,4,2
FXNL8248,"Design de Mobiliario Urbano
DOCENTE(S): Marcos Ferreira",60,4,2
LRHU3100,"Principios de Design
DOCENTE(S): Patricia Nunes",60,4,2
WEYQ3918,"Design de Embalagens
DOCENTE(S): Carla Souza",60,4,2
HQNZ9122,"Design Editorial
DOCENTE(S): Gustavo Martins",60,4,2
IJXL5321,"Design de Intervencao
DOCENTE(S): Joao Silva",60,4,2
WSKA4167,Design Sustentavel,60,4,2
SDBY9901,Visualizacao de Dados,60,4,2
PJRH2988,Design de Interacao Emocional,60,4,2
JKVZ3462,Design Estrategico,60,4,2
OVBZ5505,Design de Acessibilidade,60,4,2
ZAIU7922,Design de Instrumentos Musicais,60,4,2
COOQ5695,Design de Interacao em Tempo Real,60,4,1
TSYB3211,"Impressao 3D
DOCENTE(S): Marcos Ferreira",60,3,1
LERH6635,Design de Produto,60,4,1
JJNT2088,"Manipulacao de Imagem
DOCENTE(S): Diego Cardoso",60,3,1
NLTJ3774,"Design de Comportamento
DOCENTE(S): Pedro Oliveira",60,4,1
RRME1020,"Design Parametrico
DOCENTE(S): Juliana Rodrigues",60,4,1
GNWI1783,Design de Interface (UI),60,4,1
GGRQ0786,Estrategias de Comunicacao,60,4,1
TRQX5862,Etica em Design,60,3,1
IFDE0732,"Design Generativo
DOCENTE(S): Larissa Vieira",60,4,2
IPKL2289,"Design Participativo
DOCENTE(S): Larissa Vieira",60,4,2
VDQT9946,"Pesquisa em Design
DOCENTE(S): Marcos Ferreira",60,4,2
NPRM1263,"Criacao de Personagens
DOCENTE(S): Juliana Rodrigues",60,4,2
LCDL2427,"Design de Veiculos
DOCENTE(S): Juliana Rodrigues",60,4,2
FROV6829,Design de Rituais e Cerimonias,60,4,2
ANKI1176,Psicologia do Consumidor,60,4,2
DOGE5525,Design de Experiencia em Varejo,60,4,2
FZLO1427,Marketing de Produto,60,4,1
VFBH8799,Design Cibernetico,60,3,1
QVGO0107,Prototipagem em Papel,60,3,1
MAEY1044,Design Computacional,60,3,1
BMDH7993,Design de Apresentacoes,30,2,1
SATJ7970,Design de Narrativa Espacial,60,4,1
LLKP8902,Design Digital,60,3,1
KZBU0327,Design de Interacao Corporal,60,3,1
XERB6119,Gestao de Marcas,60,4,1
JVFQ7338,Design de Interacao Cultural,60,3,1
TWIP0018,Teoria da Cor,60,3,1
IENT5068,Design Experimental,60,4,1
DQUN5124,Comunicacao Visual,60,3,1
NVRL4030,Materiais e Processos,60,3,1
LSHL3127,Design de Redes Sociais,60,4,1
TOZF3011,SemiÃ³tica,60,4,1
RVMF0745,Design Biomimetico,360,18,1
RMDE3651,Teoria do Design,60,3,1
VMGY1151,Design de Interacao Tangivel,60,4,1
AOXV5438,Design de Espacos Virtuais,60,3,1
HQDD9963,Design Sonoro,60,4,1
DZNQ4989,Design Cenico,60,3,1
XYOT5349,Tecnicas de Iluminacao,60,3,1
MDQZ6072,Design de Jogos,60,4,1
PPDN7220,Modelagem 3D,60,3,1
PBCQ5148,Design de Impressao e Publicacao,60,3,1
BKYH9817,Design de Interacao Social,60,4,1
HILN2052,Design de Impacto Social,60,3,1
VNBQ5535,Design de Moda,60,3,1
